-- MySQL dump 10.13  Distrib 8.0.23, for macos10.15 (x86_64)
--
-- Host: localhost    Database: RME
-- ------------------------------------------------------
-- Server version	8.0.23

/*!40101 SET @OLD_CHARACTER_SET_CLIENT=@@CHARACTER_SET_CLIENT */;
/*!40101 SET @OLD_CHARACTER_SET_RESULTS=@@CHARACTER_SET_RESULTS */;
/*!40101 SET @OLD_COLLATION_CONNECTION=@@COLLATION_CONNECTION */;
/*!50503 SET NAMES utf8mb4 */;
/*!40103 SET @OLD_TIME_ZONE=@@TIME_ZONE */;
/*!40103 SET TIME_ZONE='+00:00' */;
/*!40014 SET @OLD_UNIQUE_CHECKS=@@UNIQUE_CHECKS, UNIQUE_CHECKS=0 */;
/*!40014 SET @OLD_FOREIGN_KEY_CHECKS=@@FOREIGN_KEY_CHECKS, FOREIGN_KEY_CHECKS=0 */;
/*!40101 SET @OLD_SQL_MODE=@@SQL_MODE, SQL_MODE='NO_AUTO_VALUE_ON_ZERO' */;
/*!40111 SET @OLD_SQL_NOTES=@@SQL_NOTES, SQL_NOTES=0 */;

--
-- Table structure for table `Answers`
--

DROP TABLE IF EXISTS `Answers`;
/*!40101 SET @saved_cs_client     = @@character_set_client */;
/*!50503 SET character_set_client = utf8mb4 */;
CREATE TABLE `Answers` (
  `Id` int NOT NULL AUTO_INCREMENT,
  `QId` int DEFAULT NULL,
  `ReviewId` int DEFAULT NULL,
  PRIMARY KEY (`Id`),
  KEY `FK_QId_idx` (`QId`),
  KEY `FK_ReviewId_idx` (`ReviewId`),
  CONSTRAINT `FK_QId` FOREIGN KEY (`QId`) REFERENCES `ReviewQuestions` (`Id`),
  CONSTRAINT `FK_ReviewId` FOREIGN KEY (`ReviewId`) REFERENCES `Review` (`Id`)
) ENGINE=InnoDB DEFAULT CHARSET=latin1;
/*!40101 SET character_set_client = @saved_cs_client */;

--
-- Dumping data for table `Answers`
--

LOCK TABLES `Answers` WRITE;
/*!40000 ALTER TABLE `Answers` DISABLE KEYS */;
/*!40000 ALTER TABLE `Answers` ENABLE KEYS */;
UNLOCK TABLES;

--
-- Table structure for table `CommentAnswers`
--

DROP TABLE IF EXISTS `CommentAnswers`;
/*!40101 SET @saved_cs_client     = @@character_set_client */;
/*!50503 SET character_set_client = utf8mb4 */;
CREATE TABLE `CommentAnswers` (
  `Id` int NOT NULL AUTO_INCREMENT,
  `AnswerId` int DEFAULT NULL,
  `Comment` text,
  PRIMARY KEY (`Id`),
  KEY `FK_AnswerId_idx` (`AnswerId`),
  CONSTRAINT `FK_Comment_AnswerId` FOREIGN KEY (`AnswerId`) REFERENCES `Answers` (`Id`)
) ENGINE=InnoDB DEFAULT CHARSET=latin1;
/*!40101 SET character_set_client = @saved_cs_client */;

--
-- Dumping data for table `CommentAnswers`
--

LOCK TABLES `CommentAnswers` WRITE;
/*!40000 ALTER TABLE `CommentAnswers` DISABLE KEYS */;
/*!40000 ALTER TABLE `CommentAnswers` ENABLE KEYS */;
UNLOCK TABLES;

--
-- Table structure for table `Company`
--

DROP TABLE IF EXISTS `Company`;
/*!40101 SET @saved_cs_client     = @@character_set_client */;
/*!50503 SET character_set_client = utf8mb4 */;
CREATE TABLE `Company` (
  `Id` int NOT NULL AUTO_INCREMENT,
  `Name` varchar(50) DEFAULT NULL,
  `ParentCompany` int DEFAULT NULL,
  `Industry` varchar(50) DEFAULT NULL,
  PRIMARY KEY (`Id`),
  KEY `FK_ParentCompany_idx` (`ParentCompany`),
  CONSTRAINT `FK_ParentCompany` FOREIGN KEY (`ParentCompany`) REFERENCES `company` (`Id`)
) ENGINE=InnoDB AUTO_INCREMENT=1001 DEFAULT CHARSET=latin1;
/*!40101 SET character_set_client = @saved_cs_client */;

--
-- Dumping data for table `Company`
--

LOCK TABLES `Company` WRITE;
/*!40000 ALTER TABLE `Company` DISABLE KEYS */;
INSERT INTO `Company` VALUES (1,'Boyer Ltd',788,'Machinery Manufacturing'),(2,'Carter LLC',NULL,'Motor Vehicle and Parts Dealers'),(3,'Kub-Konopelski',86,'Arts, Entertainment, and Recreation'),(4,'Aufderhar-Halvorson',55,'Waste Management and Remediation Services'),(5,'Green-Moen',NULL,'Transportation Equipment Manufacturing'),(6,'Berge, Yundt and Koch',NULL,'Support Activities for Transportation'),(7,'Marvin Ltd',299,'Mining'),(8,'Stark-Olson',NULL,'Credit Intermediation and Related Activities'),(9,'Ullrich, Keeling and Sanford',8,'Personal and Laundry Services'),(10,'Towne Inc',NULL,'Air Transportation '),(11,'Klein Inc',NULL,'Specialty Trade Contractors'),(12,'Shields-Denesik',399,'Natural Resources and Mining'),(13,'Gutmann, Schimmel and Mante',NULL,'Chemical Manufacturing'),(14,'Shields-Kling',NULL,'Telecommunications'),(15,'Windler, Kunde and Lind',543,'Postal Service '),(16,'Daugherty, Larson and Stark',NULL,'Textile Product Mills'),(17,'Connelly-D\'Amore',12,'Miscellaneous Manufacturing'),(18,'Rolfson PLC',NULL,'Finance and Insurance'),(19,'Spinka-Schmeler',876,'Merchant Wholesalers, Durable Goods'),(20,'Kunde, Jacobi and Hoeger',2,'Leather and Allied Product Manufacturing'),(21,'Tillman-Hane',32,'Amusement, Gambling, and Recreation Industries'),(22,'Reynolds, Kirlin and Wunsch',900,'Amusement, Gambling, and Recreation Industries'),(23,'Willms-Pagac',NULL,'Motion Picture and Sound Recording Industries'),(24,'Rath, Bauch and Carter',NULL,'Oil and Gas Extraction'),(25,'Hintz, Hintz and Hane',19,'Health Care and Social Assistance'),(26,'Williamson, Cormier and Jerde',NULL,'Food and Beverage Stores'),(27,'Kuvalis, Eichmann and Volkman',NULL,'Other Services'),(28,'Farrell Inc',345,'Crop Production'),(29,'Maggio and Sons',NULL,'Air Transportation '),(30,'Buckridge-Volkman',NULL,'Warehousing and Storage'),(31,'Fritsch and Sons',77,'Waste Management and Remediation Services'),(32,'Cummings PLC',NULL,'Social Assistance'),(33,'Zieme, VonRueden and Mohr',784,'Broadcasting'),(34,'Toy Inc',NULL,'Manufacturing'),(35,'Breitenberg, Gutkowski and Hickle',30,'Professional and Business Services'),(36,'Bosco-Batz',NULL,'Textile Mills'),(37,'Blick-Hermiston',NULL,'Broadcasting'),(38,'Bode, O\'Reilly and Russel',123,'Construction of Buildings'),(39,'Thiel, Dicki and Streich',NULL,'Funds, Trusts, and Other Financial Vehicles'),(40,'Beier, Hegmann and Lowe',156,'Lessors of Nonfinancial Intangible Assets'),(41,'Kozey, Pollich and Mueller',NULL,'Heavy and Civil Engineering Construction'),(42,'Weissnat, Muller and Nikolaus',NULL,'Health and Personal Care Stores'),(43,'Schuppe-Hintz',324,'Education and Health Services'),(44,'Kshlerin PLC',NULL,'Repair and Maintenance'),(45,'Stehr-Armstrong',321,'Miscellaneous Store Retailers'),(46,'Okuneva-Doyle',NULL,'Construction of Buildings'),(47,'Gerhold-Herzog',NULL,'Primary Metal Manufacturing'),(48,'Beahan and Sons',864,'Management of Companies and Enterprises'),(49,'Bechtelar Ltd',NULL,'Private Households'),(50,'Windler-Emmerich',234,'Beverage and Tobacco Product Manufacturing'),(51,'Rohan-Wisozk',NULL,'Support Activities for Transportation'),(52,'Auer LLC',NULL,'Oil and Gas Extraction'),(53,'Cassin PLC',NULL,'Health and Personal Care Stores'),(54,'Braun-Walker',NULL,'Real Estate and Rental and Leasing'),(55,'Schinner Ltd',78,'Transportation and Warehousing'),(56,'Johnson Group',NULL,'Data Processing, Hosting, and Related Services'),(57,'Corkery PLC',321,'Data Processing, Hosting, and Related Services'),(58,'Rice-Kihn',NULL,'Manufacturing'),(59,'Zulauf and Sons',NULL,'Insurance Carriers and Related Activities'),(60,'Armstrong, Cummerata and Bode',11,'Other Services'),(61,'Hills-Powlowski',NULL,'Food Manufacturing'),(62,'Kassulke, Swaniawski and Reichel',NULL,'Nursing and Residential Care Facilities'),(63,'Wolf, Bosco and Wyman',789,'Utilities'),(64,'Gerhold, Sporer and Bogisich',NULL,'Hospitals'),(65,'Goyette and Sons',NULL,'Clothing and Clothing Accessories Stores'),(66,'Dickens-Purdy',421,'Machinery Manufacturing'),(67,'Weber-Morissette',NULL,'General Merchandise Stores'),(68,'Brakus Ltd',432,'Accommodation and Food Services'),(69,'Considine, Stark and Flatley',NULL,'Miscellaneous Store Retailers'),(70,'Marvin, Little and Hilpert',445,'Clothing and Clothing Accessories Stores'),(71,'Kautzer-Marvin',NULL,'Rental and Leasing Services'),(72,'Hermiston-Auer',789,'Credit Intermediation and Related Activities'),(73,'Hessel-Schoen',9,'Printing and Related Support Activities'),(74,'Fisher LLC',NULL,'Food and Beverage Stores'),(75,'Champlin-Cummings',843,'Waste Management and Remediation Services'),(76,'Rutherford Ltd',NULL,'Other Information Services'),(77,'Brakus, Upton and Feest',NULL,'Support Activities for Transportation'),(78,'Kunze Group',NULL,'Finance and Insurance '),(79,'Ankunding-Considine',542,'Merchant Wholesalers, Nondurable Goods'),(80,'Kuhlman PLC',NULL,'Food Manufacturing'),(81,'Kiehn, Wolff and Daniel',890,'Transit and Ground Passenger Transportation'),(82,'Kassulke, Schiller and Will',NULL,'Education and Health Services'),(83,'Crist, Reilly and Rutherford',22,'Mining'),(84,'Price Group',NULL,'Arts, Entertainment, and Recreation'),(85,'Rutherford Inc',NULL,'Professional and Business Services'),(86,'Fahey-Paucek',NULL,'Miscellaneous Manufacturing'),(87,'Crist-Wintheiser',836,'Administrative and Support Services'),(88,'Simonis and Sons',NULL,'Finance and Insurance '),(89,'Konopelski Ltd',8,'Arts, Entertainment, and Recreation'),(90,'Kemmer, Johnson and Flatley',NULL,'Finance and Insurance'),(91,'Johns Inc',NULL,'Motor Vehicle and Parts Dealers'),(92,'Schaefer, Klocko and Kub',44,'Water Transportation'),(93,'Wolf-Corkery',NULL,'Rail Transportation'),(94,'Fisher Group',NULL,'Water Transportation'),(95,'Schiller Group',NULL,'Construction'),(96,'Robel-Luettgen',234,'Service-Providing Industries'),(97,'Kreiger-Trantow',NULL,'Food Manufacturing'),(98,'Erdman-Fritsch',89,'Leather and Allied Product Manufacturing'),(99,'Waters PLC',NULL,'Specialty Trade Contractors'),(100,'Mann-Rosenbaum',NULL,'Merchant Wholesalers, Nondurable Goods'),(101,'Wuckert-Johnston',770,'Paper Manufacturing'),(102,'Blanda Ltd',NULL,'Trade, Transportation, and Utilities'),(103,'O\'Hara-McCullough',NULL,'Nonmetallic Mineral Product Manufacturing'),(104,'Heathcote Ltd',NULL,'Mining'),(105,'O\'Conner and Sons',NULL,'Manufacturing'),(106,'Pfannerstill-Morissette',48,'Primary Metal Manufacturing'),(107,'Schultz-Ritchie',NULL,'Manufacturing'),(108,'Rutherford and Sons',NULL,'Merchant Wholesalers, Durable Goods'),(109,'Predovic inc',NULL,'Truck Transportation'),(110,'Legros, Pollich and Smith',NULL,'Transportation and Warehousing'),(111,'Friesen, Kshlerin and Kutch',67,'Air Transportation'),(112,'Rempel, Nicolas and Hill',NULL,'Sporting Goods, Hobby, Book, and Music Stores'),(113,'Rath, Schuppe and Schmitt',NULL,'Food Manufacturing'),(114,'Daugherty PLC',7,'Hospitals'),(115,'Douglas and Sons',NULL,'Rail Transportation'),(116,'Stiedemann-Gusikowski',NULL,'Natural Resources and Mining'),(117,'Donnelly-Miller',800,'Food Manufacturing'),(118,'Kessler, Kihn and Lebsack',NULL,'Food Manufacturing'),(119,'Cremin Group',NULL,'Nonmetallic Mineral Product Manufacturing'),(120,'Stiedemann-Stracke',356,'Postal Service'),(121,'Lang LLC',NULL,'Fabricated Metal Product Manufacturing'),(122,'Considine, Tillman and Howell',5,'Telecommunications'),(123,'Bosco, Lind and Braun',NULL,'Specialty Trade Contractors'),(124,'Satterfield-Monahan',NULL,'Lessors of Nonfinancial Intangible Assets'),(125,'Skiles-Hamill',NULL,'Transportation Equipment Manufacturing'),(126,'Klocko Group',500,'Professional and Business Services'),(127,'Beer, Ledner and Abbott',NULL,'Utilities'),(128,'Feeney-Wiza',2,'Miscellaneous Manufacturing'),(129,'Ziemann PLC',NULL,'Support Activities for Agriculture and Forestry'),(130,'Goldner-Bartoletti',NULL,'Manufacturing'),(131,'Schulist-Wilderman',73,'Finance and Insurance'),(132,'Davis-Mann',NULL,'Utilities'),(133,'Kuhic, Purdy and Rice',NULL,'Food Manufacturing'),(134,'Johns-Borer',999,'Apparel Manufacturing'),(135,'Nienow-Hayes',NULL,'Oil and Gas Extraction'),(136,'Abbott, Fadel and Jerde',123,'Leisure and Hospitality'),(137,'Cartwright, Hill and Yost',NULL,'Primary Metal Manufacturing'),(138,'Harris-Wisozk',NULL,'Textile Mills'),(139,'Weissnat-Lakin',900,'Ambulatory Health Care Services'),(140,'Hegmann, Russel and Lockman',NULL,'Mining, Quarrying, and Oil and Gas Extraction'),(141,'Tromp-Raynor',394,'Professional, Scientific, and Technical Services'),(142,'Wunsch-Howell',NULL,'Lessors of Nonfinancial Intangible Assets'),(143,'Jenkins, Hilpert and Hand',NULL,'Air Transportation'),(144,'Marquardt, Hackett and Aufderhar',NULL,'Professional and Business Services'),(145,'Padberg PLC',NULL,'Personal and Laundry Services'),(146,'Schuppe-Hoppe',128,'Support Activities for Mining'),(147,'Yost-Brekke',NULL,'Oil and Gas Extraction'),(148,'Zboncak Group',345,'Support Activities for Mining'),(149,'Christiansen Inc',NULL,'Textile Mills'),(150,'Reichel PLC',NULL,'Textile Mills'),(151,'Satterfield, Nolan and Weimann',127,'Health Care and Social Assistance'),(152,'Langosh, Grant and Emmerich',NULL,'Internet Publishing and Broadcasting'),(153,'White and Sons',383,'Education and Health Services'),(154,'Bogisich, Wilkinson and Purdy',NULL,'Rail Transportation'),(155,'Kuphal-Donnelly',NULL,'Food Manufacturing'),(156,'Hammes, Aufderhar and Dare',463,'Electronics and Appliance Stores'),(157,'Little-Rosenbaum',NULL,'Forestry and Logging'),(158,'Haley-Heaney',NULL,'Pipeline Transportation'),(159,'Cummerata-Rowe',NULL,'Data Processing, Hosting, and Related Services'),(160,'Donnelly-Hill',83,'Beverage and Tobacco Product Manufacturing'),(161,'Bartoletti, Russel and Tremblay',NULL,'Monetary Authorities - Central Bank'),(162,'Wilkinson, Ledner and Legros',NULL,'Ambulatory Health Care Services'),(163,'Hudson, Wiza and Feest',456,'Social Assistance'),(164,'Cruickshank-VonRueden',NULL,'Administrative and Support Services'),(165,'Wehner Ltd',NULL,'Service-Providing Industries'),(166,'Mohr Ltd',377,'Repair and Maintenance'),(167,'Torp, Harber and Dicki',NULL,'Sporting Goods, Hobby, Book, and Music Stores'),(168,'Robel Group',83,'Social Assistance'),(169,'Konopelski LLC',NULL,'Textile Mills'),(170,'Reilly-Berge',NULL,'Fabricated Metal Product Manufacturing'),(171,'Gaylord, Monahan and Auer',NULL,'Furniture and Home Furnishings Stores'),(172,'Hand, Cronin and Doyle',NULL,'Trade, Transportation, and Utilities'),(173,'Brekke and Sons Inc',47,'Broadcasting'),(174,'Batz Group LLC',NULL,'Agriculture, Forestry, Fishing and Hunting'),(175,'Waters, Olson and Hammes',NULL,'Credit Intermediation and Related Activities'),(176,'Conroy, Sporer and Kohler',NULL,'Textile Mills'),(177,'Ryan, O\'Conner and Baumbach',400,'Food Manufacturing'),(178,'Auer, Fisher and Christiansen',NULL,'Apparel Manufacturing'),(179,'Willms-Leffler',NULL,'Clothing and Clothing Accessories Stores'),(180,'Kautzer, Gutmann and Bartoletti',4,'Pipeline Transportation'),(181,'Crona, Wintheiser and Kerluke',NULL,'Insurance Carriers and Related Activities'),(182,'Kub-Swaniawski',392,'Textile Mills'),(183,'Zboncak-Dibbert',NULL,'Hospitals'),(184,'Swaniawski Inc',NULL,'Construction of Buildings'),(185,'McLaughlin Group LLC',NULL,'Construction of Buildings'),(186,'Schulist, Metz and Shields',300,'Internet Publishing and Broadcasting'),(187,'Pfeffer Inc',NULL,'Rail Transportation'),(188,'Hermiston, McKenzie and Harber',183,'Publishing Industries'),(189,'Zboncak-Gottlieb',NULL,'Plastics and Rubber Products Manufacturing'),(190,'Ortiz-Kozey',NULL,'Merchant Wholesalers, Durable Goods'),(191,'Torp and Sons',378,'Trade, Transportation, and Utilities'),(192,'Pacocha, Price and Rippin',NULL,'Couriers and Messengers'),(193,'Stanton Ltd',NULL,'Waste Management and Remediation Services'),(194,'White-Frami',77,'Couriers and Messengers'),(195,'Larkin-Greenfelder',NULL,'Hospitals'),(196,'Simonis-Tremblay',NULL,'Insurance Carriers and Related Activities'),(197,'Williamson and Sons',60,'Computer and Electronic Product Manufacturing'),(198,'Tillman, Emmerich and Schowalter',NULL,'Rail Transportation'),(199,'Herman Ltd',239,'Goods-Producing Industries'),(200,'Emard-Friesen',NULL,'Construction of Buildings'),(201,'Douglas, Runolfsson and Mayer',889,'Telecommunications'),(202,'Champlin LLC',NULL,'Trade, Transportation, and Utilities'),(203,'Gleason-Cronin',NULL,'Goods-Producing Industries'),(204,'Crist-Dickens',NULL,'Support Activities for Agriculture and Forestry'),(205,'Romaguera PLC',200,'Goods-Producing Industries'),(206,'Daugherty, Moen and Shields',NULL,'Apparel Manufacturing'),(207,'Roob Group',789,'Transit and Ground Passenger Transportation'),(208,'Thiel, Shields and Wiza',55,'Support Activities for Agriculture and Forestry'),(209,'Schaefer-Schinner',NULL,'Apparel Manufacturing'),(210,'Kris Group',670,'Paper Manufacturing'),(211,'Smith LLC',NULL,'Apparel Manufacturing'),(212,'Littel, Brown and Anderson',NULL,'Service-Providing Industries'),(213,'Schowalter, Hahn and Koepp',389,'Information'),(214,'Maggio LLC',NULL,'Retail Trade'),(215,'Altenwerth-Kris',NULL,'Internet Publishing and Broadcasting'),(216,'Adams-Lemke',NULL,'Health Care and Social Assistance'),(217,'Klocko Inc',223,'Finance and Insurance'),(218,'Orn-Predovic',NULL,'Leisure and Hospitality'),(219,'Quigley-Ullrich',NULL,'Textile Mills'),(220,'Barton LLC',172,'Crop Production'),(221,'McClure, Fisher and Morissette',NULL,'Arts, Entertainment, and Recreation'),(222,'Terry-Zieme',679,'Crop Production'),(223,'Dickinson-Prohaska',NULL,'Motion Picture'),(224,'Marquardt-Volkman',NULL,'Real Estate and Rental and Leasing'),(225,'Ebert Ltd',111,'Gasoline Stations'),(226,'Hammes-Denesik',NULL,'Hospitals'),(227,'Barton Ltd',NULL,'Internet Publishing and Broadcasting'),(228,'Beer PLC',NULL,'Chemical Manufacturing'),(229,'Schowalter-West',100,'Repair and Maintenance'),(230,'Wisoky, Crona and Koepp',NULL,'Machinery Manufacturing'),(231,'Stoltenberg, O\'Hara and Jones',NULL,'Motion Picture'),(232,'Metz, Gislason and Kovacek',631,'Nonstore Retailers'),(233,'Morissette, Hirthe and Heaney',NULL,'Motion Picture'),(234,'Terry LLC',NULL,'Food Manufacturing'),(235,'Blick-Mitchell',NULL,'Food Manufacturing'),(236,'Harber, Herzog and Schmidt',333,'Professional, Scientific, and Technical Services'),(237,'Jacobi-Abernathy',NULL,'Fishing, Hunting and Trapping'),(238,'Hartmann, Veum and Klocko',NULL,'Manufacturing'),(239,'Will-Rodriguez',NULL,'Ambulatory Health Care Services'),(240,'Hirthe-O\'Conner',450,'Ambulatory Health Care Services'),(241,'Purdy, Corwin and Windler',NULL,'Machinery Manufacturing'),(242,'Dibbert-Medhurst',NULL,'Animal Production'),(243,'Kreiger, Pollich and Mann',43,'Repair and Maintenance'),(244,'Leffler, Schoen and Lindgren',NULL,'Repair and Maintenance'),(245,'Witting, Ratke and Hammes',NULL,'Retail Trade'),(246,'Hoppe, Bartoletti and Gibson',NULL,'Paper Manufacturing'),(247,'D\'Amore, Von and Jerde',NULL,'Mining, Quarrying, and Oil and Gas Extraction'),(248,'Lowe, Considine and Corwin',321,'Other Services'),(249,'Vandervort, Boehm and Schiller',NULL,'Mining'),(250,'Carter PLC',NULL,'Manufacturing'),(251,'Crona Group',777,'Food and Beverage Stores'),(252,'Lubowitz-Klein',NULL,'Management of Companies and Enterprises'),(253,'Roob, Kshlerin and Lueilwitz',NULL,'Electronics and Appliance Stores'),(254,'Welch PLC',NULL,'Retail Trade'),(255,'Schowalter-Hill',NULL,'Animal Production'),(256,'Kassulke-Casper',212,'Electronics and Appliance Stores'),(257,'Kuphal Inc',NULL,'Agriculture, Forestry, Fishing and Hunting'),(258,'Stamm, Rath and Rogahn',135,'Transportation Equipment Manufacturing'),(259,'West-Weber',NULL,'Rental and Leasing Services'),(260,'Batz and Sons',NULL,'Specialty Trade Contractors'),(261,'Funk, Anderson and Macejkovic',NULL,'Food Services and Drinking Places'),(262,'Hammes, Padberg and Kub',NULL,'Professional and Business Services'),(263,'Pagac Group',382,'Rail Transportation'),(264,'Ondricka, Kohler and Considine',NULL,'Other Services'),(265,'Pfeffer LLC',NULL,'Information'),(266,'Funk Group',543,'Crop Production'),(267,'Hayes Ltd',NULL,'Retail Trade'),(268,'Schaefer-Prosacco',NULL,'Hospitals'),(269,'Kling-Effertz',212,'Real Estate'),(270,'Cummerata, McKenzie and Mraz',NULL,'Nonmetallic Mineral Product Manufacturing'),(271,'Murazik Group',NULL,'Apparel Manufacturing'),(272,'Hayes-Raynor',78,'General Merchandise Stores'),(273,'Thompson, Douglas and Orn',NULL,'Motor Vehicle and Parts Dealers'),(274,'Rowe, Bahringer and Schneider',NULL,'Couriers and Messengers'),(275,'Witting and Sons',12,'Retail Trade'),(276,'Stiedemann-D\'Amore',NULL,'Furniture and Related Product Manufacturing'),(277,'Schamberger, Kirlin and Kautzer',689,'Couriers and Messengers'),(278,'Hickle, Hickle and O\'Hara',NULL,'Other Information Services'),(279,'Schamberger-Pfannerstill',NULL,'Warehousing and Storage'),(280,'Jerde-Zboncak',88,'Private Households'),(281,'Koss, Cormier and Keebler',NULL,'Finance and Insurance'),(282,'Doyle PLC',789,'Merchant Wholesalers, Nondurable Goods'),(283,'Crist, Dickinson and Hamill',NULL,'Food Manufacturing'),(284,'Haag, Legros and Koelpin',NULL,'Transportation and Warehousing'),(285,'Schamberger, Mraz and Leuschke',NULL,'Furniture and Related Product Manufacturing'),(286,'Bradtke-Turner',NULL,'Miscellaneous Store Retailers'),(287,'Pollich-D\'Amore',774,'Nonmetallic Mineral Product Manufacturing'),(288,'Kreiger Group',NULL,'Warehousing and Storage'),(289,'Murray-Anderson',NULL,'Oil and Gas Extraction'),(290,'Hirthe LLC',NULL,'Petroleum and Coal Products Manufacturing'),(291,'Cremin, Waters and Wisoky',NULL,'Education and Health Services'),(292,'Anderson PLC',893,'Construction of Buildings'),(293,'Nicolas-Schmitt',NULL,'Petroleum and Coal Products Manufacturing'),(294,'Medhurst LLC',654,'Broadcasting'),(295,'Heller Ltd',NULL,'Motion Picture and Sound Recording Industries'),(296,'Lueilwitz, Kshlerin and Pacocha',NULL,'Leisure and Hospitality'),(297,'Swaniawski and Sons',NULL,'Professional, Scientific, and Technical Services'),(298,'Pacocha Ltd',342,'Sporting Goods, Hobby, Book, and Music Stores'),(299,'Gaylord, Berge and Rau',NULL,'Furniture and Home Furnishings Stores'),(300,'Will Ltd',NULL,'Textile Product Mills'),(301,'Schiller, Feeney and West',47,'Printing and Related Support Activities'),(302,'Morar, Klein and Eichmann',NULL,'Internet Publishing and Broadcasting'),(303,'Will PLC',NULL,'Clothing and Clothing Accessories Stores'),(304,'Klocko LLC',NULL,'Retail Trade'),(305,'Predovic LLC',430,'Petroleum and Coal Products Manufacturing'),(306,'Quitzon-McGlynn',NULL,'Publishing Industries'),(307,'Waelchi Ltd',NULL,'Social Assistance'),(308,'Sanford, Stoltenberg and Larkin',NULL,'Motor Vehicle and Parts Dealers'),(309,'Walter-Mraz',542,'Utilities'),(310,'McLaughlin-Wiegand',NULL,'Educational Services'),(311,'Anderson, Block and Huel',1,'Sporting Goods, Hobby, Book, and Music Stores'),(312,'Altenwerth and Sons',NULL,'Lessors of Nonfinancial Intangible Assets'),(313,'Connelly, Barton and Steuber',NULL,'Heavy and Civil Engineering Construction'),(314,'Barton PLC',129,'Furniture and Related Product Manufacturing'),(315,'Frami-Fahey',NULL,'Retail Trade'),(316,'Nader-Terry',405,'Education and Health Services'),(317,'Stokes-Lakin',NULL,'Mining, Quarrying, and Oil and Gas Extraction'),(318,'Steuber, Harvey and Balistreri',83,'Broadcasting'),(319,'Moore, Frami and McClure',NULL,'Data Processing, Hosting, and Related Services'),(320,'Greenholt, Fahey and Olson',NULL,'Food Services and Drinking Places'),(321,'Lockman Inc',NULL,'Gasoline Stations'),(322,'Krajcik-Bogisich',679,'Merchant Wholesalers, Nondurable Goods'),(323,'Harris PLC',NULL,'Paper Manufacturing'),(324,'Frami-Konopelski',1000,'Arts, Entertainment, and Recreation'),(325,'DuBuque Inc',NULL,'Agriculture, Forestry, Fishing and Hunting'),(326,'Tremblay and Sons',NULL,'Support Activities for Transportation'),(327,'Harvey LLC',NULL,'Fabricated Metal Product Manufacturing'),(328,'Stoltenberg-Lindgren',400,'Service-Providing Industries'),(329,'Kreiger-Rowe',NULL,'Agriculture, Forestry, Fishing and Hunting'),(330,'Hilpert PLC',NULL,'General Merchandise Stores'),(331,'Predovic-Oberbrunner',993,'Finance and Insurance'),(332,'Welch Inc',NULL,'Support Activities for Mining'),(333,'Funk, Homenick and Hamill',NULL,'Furniture and Related Product Manufacturing'),(334,'Kerluke-Friesen',NULL,'Retail Trade'),(335,'Koelpin LLC',550,'Air Transportation'),(336,'Schiller-Feeney',NULL,'Manufacturing'),(337,'Brekke and Sons',NULL,'Pipeline Transportation'),(338,'Rutherford, Robel and Osinski',NULL,'Construction'),(339,'Christiansen, Ruecker and Kutch',229,'General Merchandise Stores'),(340,'Funk-Wiegand',NULL,'Insurance Carriers and Related Activities'),(341,'Rath Ltd',NULL,'Merchant Wholesalers, Durable Goods'),(342,'McLaughlin Ltd',NULL,'Fishing, Hunting and Trapping'),(343,'Konopelski, Lowe and Lowe',NULL,'Personal and Laundry Services'),(344,'Bogan, Jakubowski and Reichert',NULL,'Motor Vehicle and Parts Dealers'),(345,'Collier Ltd',407,'Funds, Trusts, and Other Financial Vehicles'),(346,'Goyette-Ortiz',NULL,'Accommodation and Food Services'),(347,'Pfeffer Group',NULL,'Leisure and Hospitality'),(348,'Kohler, Borer and Quitzon',NULL,'Electronics and Appliance Stores'),(349,'Kuhn PLC',NULL,'Transportation Equipment Manufacturing'),(350,'Jaskolski-Hirthe',763,'Management of Companies and Enterprises'),(351,'Durgan-Pouros',NULL,'Forestry and Logging'),(352,'Schoen Inc',NULL,'Food Manufacturing'),(353,'Rice Inc',923,'Accommodation and Food Services'),(354,'Gleason, Ryan and Funk',NULL,'Credit Intermediation and Related Activities'),(355,'Wiegand, Kunde and Kovacek',NULL,'Funds, Trusts, and Other Financial Vehicles'),(356,'Oberbrunner-Glover',805,'Heavy and Civil Engineering Construction'),(357,'Dooley PLC',NULL,'Personal and Laundry Services'),(358,'Batz Group',NULL,'Nonstore Retailers'),(359,'Halvorson, Beer and Kertzmann',NULL,'Miscellaneous Store Retailers'),(360,'Wiza LLC',NULL,'Beverage and Tobacco Product Manufacturing'),(361,'Kihn Group',34,'Monetary Authorities - Central Bank'),(362,'Bartoletti Inc',111,'Credit Intermediation and Related Activities'),(363,'Hermiston, Hammes and Rodriguez',NULL,'Real Estate and Rental and Leasing'),(364,'Abbott Ltd',25,'Service-Providing Industries'),(365,'Cummerata and Sons',NULL,'Rental and Leasing Services'),(366,'Toy-Wehner',NULL,'Goods-Producing Industries'),(367,'Kovacek Inc',965,'Construction of Buildings'),(368,'Sporer LLC',NULL,'Miscellaneous Store Retailers'),(369,'Ruecker, Jones and Jacobi',NULL,'Trade, Transportation, and Utilities'),(370,'Quigley, Bernier and McKenzie',NULL,'Computer and Electronic Product Manufacturing'),(371,'Mills and Sons LLC',72,'Utilities'),(372,'Collins, Hartmann and Schiller',NULL,'Transportation and Warehousing'),(373,'Konopelski Inc',124,'Natural Resources and Mining'),(374,'O\'Conner-Graham',NULL,'Couriers and Messengers'),(375,'Wilkinson, Okuneva and McGlynn',4,'Water Transportation'),(376,'Goodwin, Pacocha and Schulist',NULL,'Animal Production'),(377,'Cruickshank Ltd',NULL,'Health and Personal Care Stores'),(378,'O\'Reilly, Quitzon and Williamson',NULL,'Transit and Ground Passenger Transportation'),(379,'Howell, Wisoky and Langosh',315,'Printing and Related Support Activities'),(380,'Predovic, Cole and Stamm',NULL,'Nonmetallic Mineral Product Manufacturing'),(381,'Crist-Gleichner',NULL,'Other Services'),(382,'Dietrich-Franecki',788,'Trade, Transportation, and Utilities'),(383,'Dooley-Stokes',NULL,'Wholesale Trade'),(384,'Dooley-Deckow',95,'Chemical Manufacturing'),(385,'Legros-Bednar',NULL,'Truck Transportation'),(386,'Ritchie, Doyle and Bogan',NULL,'Professional and Business Services'),(387,'Mertz LLC',NULL,'Management of Companies and Enterprises'),(388,'Parker PLC',95,'Educational Services'),(389,'Rosenbaum-Bartoletti',NULL,'Miscellaneous Store Retailers'),(390,'Hessel, Lakin and Roob',NULL,'Real Estate and Rental and Leasing'),(391,'Bernhard-Swift',NULL,'Forestry and Logging'),(392,'Marquardt Group',92,'Computer and Electronic Product Manufacturing'),(393,'Lueilwitz-Rutherford',NULL,'Natural Resources and Mining'),(394,'Legros Group Ltd',NULL,'Hospitals'),(395,'Klein-Bechtelar',NULL,'Nursing and Residential Care Facilities'),(396,'Parisian-Fay',NULL,'Textile Mills'),(397,'Howell PLC',182,'Construction of Buildings'),(398,'Auer Group',NULL,'Leather and Allied Product Manufacturing'),(399,'Hyatt, Torp and Hauck',NULL,'Scenic and Sightseeing Transportation'),(400,'Bartoletti, Simonis and Greenfelder',NULL,'Accommodation and Food Services'),(401,'Miller-Ziemann',678,'Sporting Goods, Hobby, Book, and Music Stores'),(402,'Ullrich-Lueilwitz',NULL,'Support Activities for Agriculture and Forestry'),(403,'Price-Wisoky',NULL,'Couriers and Messengers'),(404,'Cartwright Ltd',735,'Monetary Authorities - Central Bank'),(405,'Herman, Bode and Keeling',NULL,'Goods-Producing Industries'),(406,'Zulauf-Hayes',NULL,'Furniture and Home Furnishings Stores'),(407,'Rogahn Inc',940,'Publishing Industries'),(408,'Runolfsdottir LLC',NULL,'Transit and Ground Passenger Transportation'),(409,'Kihn, Strosin and Kunde',19,'Furniture and Related Product Manufacturing'),(410,'Jast and Sons',NULL,'Furniture and Home Furnishings Stores'),(411,'Runolfsdottir Ltd',NULL,'Gasoline Stations'),(412,'Gaylord, Considine and Tremblay',726,'Merchant Wholesalers, Durable Goods'),(413,'Tremblay, Walsh and Lesch',NULL,'Social Assistance'),(414,'Nienow, Carter and Conroy',NULL,'Nonmetallic Mineral Product Manufacturing'),(415,'Ullrich, Lockman and Becker',89,'Private Households'),(416,'Johns-Pfannerstill',NULL,'Food Services and Drinking Places'),(417,'Satterfield PLC',3,'Furniture and Home Furnishings Stores'),(418,'Schmitt-Hintz',NULL,'Food and Beverage Stores'),(419,'Kulas Inc',NULL,'Specialty Trade Contractors'),(420,'Kub-Adams',NULL,'Information'),(421,'Borer, Homenick and Ankunding',21,'Textile Product Mills'),(422,'Jacobs-Cummerata',NULL,'Accommodation and Food Services'),(423,'Emmerich PLC',NULL,'Nursing and Residential Care Facilities'),(424,'Tremblay, Mohr and Gibson',NULL,'Food Services and Drinking Places'),(425,'Abernathy-Predovic',189,'Furniture and Related Product Manufacturing'),(426,'Grady-O\'Connell',NULL,'Construction of Buildings'),(427,'Hills Inc',NULL,'Leisure and Hospitality'),(428,'Hamill, Gottlieb and Breitenberg',NULL,'Construction of Buildings'),(429,'Gutmann Inc',678,'Nonmetallic Mineral Product Manufacturing'),(430,'Legros Ltd',NULL,'Support Activities for Mining'),(431,'Windler-Mills',NULL,'Manufacturing'),(432,'Dare, Bartoletti and Terry',NULL,'Wholesale Trade'),(433,'Hickle, Doyle and Witting',236,'Animal Production'),(434,'Kautzer-Botsford',NULL,'Financial Activities'),(435,'Wisozk, Rau and Stroman',NULL,'Rental and Leasing Services'),(436,'Larkin, Casper and Bins',NULL,'Insurance Carriers and Related Activities'),(437,'Rolfson-Feil',764,'Broadcasting'),(438,'Jenkins-Dach',NULL,'Service-Providing Industries'),(439,'Considine PLC',NULL,'Forestry and Logging'),(440,'Hackett-Ullrich',625,'Waste Management and Remediation Services'),(441,'Rippin and Sons',NULL,'Warehousing and Storage'),(442,'Bode, Heathcote and Funk',NULL,'Repair and Maintenance'),(443,'Casper-White',NULL,'Electronics and Appliance Stores'),(444,'Wyman-Kohler',374,'Fishing, Hunting and Trapping'),(445,'Davis-Rodriguez',NULL,'Retail Trade'),(446,'Hoeger-Hodkiewicz',NULL,'Arts, Entertainment, and Recreation'),(447,'Olson LLC',543,'Private Households'),(448,'Braun and Sons',NULL,'Hospitals'),(449,'Greenfelder PLC',NULL,'Gasoline Stations'),(450,'Ryan, Hoeger and Wuckert',NULL,'Repair and Maintenance'),(451,'Shanahan-Bogan',30,'Credit Intermediation and Related Activities'),(452,'Blanda and Sons',NULL,'Publishing Industries'),(453,'Dicki LLC',22,'Fishing, Hunting and Trapping'),(454,'Harber PLC',NULL,'Ambulatory Health Care Services'),(455,'Little Inc',NULL,'Personal and Laundry Services'),(456,'Considine Inc',NULL,'Arts, Entertainment, and Recreation'),(457,'Spinka-Legros',778,'Forestry and Logging'),(458,'Fritsch-Schmeler',NULL,'Beverage and Tobacco Product Manufacturing'),(459,'Runolfsson Ltd',NULL,'Crop Production'),(460,'Casper Inc',234,'Postal Service'),(461,'Marks-Cassin',NULL,'Transit and Ground Passenger Transportation'),(462,'Hamill and Sons Inc',1000,'Health Care and Social Assistance'),(463,'Hahn, Kilback and Kertzmann',NULL,'Health and Personal Care Stores'),(464,'Paucek-Murray',939,'Merchant Wholesalers, Nondurable Goods'),(465,'Bechtelar-Goodwin',NULL,'Plastics and Rubber Products Manufacturing'),(466,'Yundt and Sons',67,'Private Households'),(467,'Champlin-Aufderhar',NULL,'Air Transportation'),(468,'Herman, Rau and Cartwright',NULL,'Animal Production'),(469,'Little, Mueller and Franecki',NULL,'Construction of Buildings'),(470,'Adams-Olson',NULL,'Professional and Business Services'),(471,'Daniel Group',895,'Broadcasting'),(472,'Bartell, Casper and Kohler',NULL,'Broadcasting'),(473,'Senger-Price',NULL,'Chemical Manufacturing'),(474,'Jenkins-Ullrich',NULL,'Animal Production'),(475,'Cummings-Hills',337,'Chemical Manufacturing'),(476,'Abshire, Reichert and Zieme',NULL,'Plastics and Rubber Products Manufacturing'),(477,'Kutch-Reynolds',NULL,'Forestry and Logging'),(478,'Beahan Inc',NULL,'Arts, Entertainment, and Recreation'),(479,'Mosciski and Sons',55,'Fishing, Hunting and Trapping'),(480,'Dickens, Dickens and Upton',NULL,'Motion Picture and Sound Recording Industries'),(481,'Haag, Schuster and Cole',NULL,'Funds, Trusts, and Other Financial Vehicles'),(482,'Veum LLC',192,'Private Households'),(483,'Hettinger Group',NULL,'General Merchandise Stores'),(484,'Mante-Stamm',NULL,'Merchant Wholesalers, Nondurable Goods'),(485,'Rohan, Keeling and Champlin',349,'Amusement, Gambling, and Recreation Industries'),(486,'Hill and Sons',NULL,'Other Services'),(487,'Halvorson Ltd',NULL,'Wholesale Trade'),(488,'Dickens-Lang',NULL,'Arts, Entertainment, and Recreation'),(489,'Paucek PLC',382,'Warehousing and Storage'),(490,'Kuhic-Turcotte',NULL,'Publishing Industries'),(491,'Cormier, Schneider and Pollich',NULL,'Support Activities for Agriculture and Forestry'),(492,'Bednar, Hayes and Wisoky',600,'Fishing, Hunting and Trapping'),(493,'Bruen, Haley and Smith',NULL,'Support Activities for Transportation'),(494,'Jenkins, Runolfsdottir and Konopelski',NULL,'Retail Trade'),(495,'Harber-Gerlach',270,'Food and Beverage Stores'),(496,'Hills Ltd',NULL,'Pipeline Transportation'),(497,'Lynch-Towne',NULL,'Professional and Business Services'),(498,'Armstrong, Parisian and Stroman',30,'Leisure and Hospitality'),(499,'Murazik and Sons',NULL,'Clothing and Clothing Accessories Stores'),(500,'Ratke, Monahan and Gleason',NULL,'Funds, Trusts, and Other Financial Vehicles'),(501,'Glover, Reichert and Torphy',738,'Other Services'),(502,'Runte-Kassulke',NULL,'Couriers and Messengers'),(503,'Prosacco, Ullrich and Heidenreich',450,'Funds, Trusts, and Other Financial Vehicles'),(504,'Marquardt Inc',NULL,'Retail Trade'),(505,'Gulgowski Group',NULL,'Textile Mills'),(506,'Crona-O\'Reilly',NULL,'Goods-Producing Industries'),(507,'McGlynn, Yundt and Pfannerstill',89,'Goods-Producing Industries'),(508,'Mueller, Willms and Stracke',NULL,'Support Activities for Transportation'),(509,'Tillman-Schulist',NULL,'Truck Transportation'),(510,'Bartoletti Group',738,'Fabricated Metal Product Manufacturing'),(511,'Jacobson-Pollich',NULL,'Goods-Producing Industries'),(512,'Greenfelder, Ebert and Dach',100,'Funds, Trusts, and Other Financial Vehicles'),(513,'Sipes-Labadie',NULL,'Plastics and Rubber Products Manufacturing'),(514,'Sauer and Sons',NULL,'Clothing and Clothing Accessories Stores'),(515,'Bergstrom-Crona',39,'Crop Production'),(516,'Boehm, Williamson and Leuschke',NULL,'Retail Trade'),(517,'Macejkovic-Mayer',199,'Chemical Manufacturing'),(518,'Gaylord-Mosciski',NULL,'Mining, Quarrying, and Oil and Gas Extraction'),(519,'Walker, Wintheiser and Sawayn',NULL,'Administrative and Support Services'),(520,'Halvorson, Mann and Dare',NULL,'Repair and Maintenance'),(521,'Cruickshank, Quigley and Denesik',NULL,'Petroleum and Coal Products Manufacturing'),(522,'Larkin, Pfeffer and Hoeger',248,'Management of Companies and Enterprises'),(523,'Hegmann Inc',NULL,'Mining, Quarrying, and Oil and Gas Extraction'),(524,'Kessler Ltd',NULL,'Paper Manufacturing'),(525,'Dietrich-Koss',NULL,'Other Information Services'),(526,'Corwin LLC',NULL,'Beverage and Tobacco Product Manufacturing'),(527,'Stoltenberg Group',37,'Motion Picture and Sound Recording Industries'),(528,'Dickens, Reinger and Kutch',NULL,'Agriculture, Forestry, Fishing and Hunting'),(529,'Robel, Shields and Lindgren',NULL,'Textile Product Mills'),(530,'Bednar PLC',432,'Lessors of Nonfinancial Intangible Assets'),(531,'Stanton and Sons',NULL,'Construction of Buildings'),(532,'Christiansen-Konopelski',NULL,'Electronics and Appliance Stores'),(533,'Jacobs Ltd',583,'Miscellaneous Manufacturing'),(534,'Sawayn, Brown and Marks',NULL,'Petroleum and Coal Products Manufacturing'),(535,'Bartoletti and Sons',215,'Mining, Quarrying, and Oil and Gas Extraction'),(536,'Wyman, Schultz and Frami',NULL,'Utilities'),(537,'Berge Group Ltd',493,'Construction of Buildings'),(538,'Anderson-Christiansen',NULL,'Mining'),(539,'Green, Osinski and Oberbrunner',NULL,'Scenic and Sightseeing Transportation'),(540,'Conn Inc',883,'Furniture and Related Product Manufacturing'),(541,'Eichmann Inc',NULL,'Lessors of Nonfinancial Intangible Assets'),(542,'Feil Ltd',NULL,'Petroleum and Coal Products Manufacturing'),(543,'Zemlak and Sons',NULL,'Information'),(544,'Denesik-Sawayn',89,'Information'),(545,'Jakubowski and Sons',NULL,'Trade, Transportation, and Utilities'),(546,'Parisian, Goldner and Herman',NULL,'Air Transportation'),(547,'Kub, Hodkiewicz and Barton',12,'Wood Product Manufacturing  Accommodation'),(548,'Friesen and Sons LLC',NULL,'Rental and Leasing Services'),(549,'Boyer LLC',4,'Waste Management and Remediation Services'),(550,'Kulas-Monahan',NULL,'Clothing and Clothing Accessories Stores'),(551,'Wisoky, Jones and Hettinger',NULL,'Printing and Related Support Activities'),(552,'Bernier, Champlin and Heathcote',3,'Computer and Electronic Product Manufacturing'),(553,'Frami-Will',NULL,'Financial Activities'),(554,'Stoltenberg-Deckow',NULL,'Telecommunications'),(555,'Rodriguez-Homenick',782,'Data Processing, Hosting, and Related Services'),(556,'Mayert-Spinka',NULL,'Scenic and Sightseeing Transportation'),(557,'Metz, Kohler and Simonis',NULL,'Water Transportation'),(558,'Hermann PLC',12,'Nonmetallic Mineral Product Manufacturing'),(559,'Keebler, Brown and Muller',NULL,'Computer and Electronic Product Manufacturing'),(560,'Abernathy, Padberg and Funk',NULL,'Food Services and Drinking Places'),(561,'Roob-Hahn',662,'Wood Product Manufacturing  Accommodation'),(562,'Walker Group',NULL,'Wood Product Manufacturing  Accommodation'),(563,'Hirthe, Medhurst and Pagac',NULL,'Plastics and Rubber Products Manufacturing'),(564,'Haley, Hills and Altenwerth',NULL,'Health and Personal Care Stores'),(565,'Okuneva LLC',542,'Beverage and Tobacco Product Manufacturing'),(566,'Hintz Ltd',NULL,'Educational Services'),(567,'Bailey-Smith',NULL,'Motor Vehicle and Parts Dealers'),(568,'Tremblay, Heller and Volkman',NULL,'Nursing and Residential Care Facilities'),(569,'Bednar Inc',127,'Educational Services'),(570,'Beatty and Sons',NULL,'Textile Product Mills'),(571,'Abernathy Ltd',NULL,'Warehousing and Storage'),(572,'Okuneva-Hyatt',NULL,'Merchant Wholesalers, Nondurable Goods'),(573,'Windler-McKenzie',432,'Textile Product Mills'),(574,'Bode-Ledner',NULL,'Miscellaneous Store Retailers'),(575,'Strosin Ltd',NULL,'Furniture and Home Furnishings Stores'),(576,'Lueilwitz and Sons',NULL,'Petroleum and Coal Products Manufacturing'),(577,'Russel-Kunde',NULL,'Machinery Manufacturing'),(578,'Eichmann-Sawayn',32,'Postal Service'),(579,'Little-Leuschke',NULL,'Other Information Services'),(580,'Swift LLC',NULL,'Agriculture, Forestry, Fishing and Hunting'),(581,'Schuppe-Shields',35,'Information'),(582,'Ritchie-Roob',NULL,'Natural Resources and Mining'),(583,'Botsford-Shields',NULL,'Fishing, Hunting and Trapping'),(584,'Herman, Russel and Schmeler',NULL,'Construction of Buildings'),(585,'Little, Runolfsdottir and Wolff',NULL,'Real Estate and Rental and Leasing'),(586,'Ferry and Sons',182,'Food Services and Drinking Places'),(587,'Little LLC',NULL,'Private Households'),(588,'Auer-Mante',NULL,'Merchant Wholesalers, Durable Goods'),(589,'Oberbrunner, Fisher and Rice',280,'Administrative and Support Services'),(590,'Shields, Lakin and Smith',NULL,'Personal and Laundry Services'),(591,'Ferry-Blanda',773,'Education and Health Services'),(592,'King Group',NULL,'Motion Picture and Sound Recording Industries'),(593,'Hackett, Crona and Stoltenberg',NULL,'Gasoline Stations'),(594,'Durgan-Schmeler',129,'Nursing and Residential Care Facilities'),(595,'Koepp PLC',NULL,'Lessors of Nonfinancial Intangible Assets'),(596,'Wunsch-Huels',NULL,'Plastics and Rubber Products Manufacturing'),(597,'Kuphal, Kub and Strosin',NULL,'Support Activities for Agriculture and Forestry'),(598,'Medhurst-Schamberger',9,'Gasoline Stations'),(599,'Ortiz-Denesik',NULL,'Internet Publishing and Broadcasting'),(600,'Waelchi PLC',NULL,'Food Manufacturing'),(601,'Walsh-Smith',13,'Gasoline Stations'),(602,'Friesen, Lind and Powlowski',NULL,'Computer and Electronic Product Manufacturing'),(603,'Balistreri and Sons',NULL,'Amusement, Gambling, and Recreation Industries'),(604,'Hamill and Sons',118,'Food and Beverage Stores'),(605,'Little Ltd',NULL,'Construction'),(606,'Jerde Inc',NULL,'Heavy and Civil Engineering Construction'),(607,'Hegmann, Reinger and Smith',NULL,'Real Estate'),(608,'Howell Inc',3,'Educational Services'),(609,'Heidenreich, Stroman and Nolan',NULL,'Motion Picture and Sound Recording Industries'),(610,'Stracke-Hauck',NULL,'General Merchandise Stores'),(611,'Hermiston and Sons',920,'Primary Metal Manufacturing'),(612,'Kessler Inc',NULL,'Social Assistance'),(613,'Kautzer-Mueller',NULL,'Monetary Authorities - Central Bank'),(614,'Schuster-Rowe',77,'Telecommunications'),(615,'Hartmann-Maggio',NULL,'Primary Metal Manufacturing'),(616,'Jacobson and Sons',54,'Agriculture, Forestry, Fishing and Hunting'),(617,'Ledner PLC',NULL,'Administrative and Support Services'),(618,'Mertz-Bruen',532,'Wholesale Trade'),(619,'Braun PLC',NULL,'Crop Production'),(620,'Keeling, Stracke and Torphy',NULL,'Broadcasting'),(621,'Lindgren-Crooks',120,'Miscellaneous Manufacturing'),(622,'Hackett, Batz and Buckridge',NULL,'Construction of Buildings'),(623,'Ledner LLC',33,'Real Estate and Rental and Leasing'),(624,'Jast LLC',NULL,'Utilities'),(625,'Emard-Bins',NULL,'General Merchandise Stores'),(626,'Johnston, Monahan and Nienow',NULL,'Apparel Manufacturing'),(627,'Breitenberg, Satterfield and Breitenberg',33,'Amusement, Gambling, and Recreation Industries'),(628,'Blanda, Reinger and Ryan',NULL,'Health Care and Social Assistance'),(629,'Bernhard, Kerluke and Littel',NULL,'Manufacturing'),(630,'Gutkowski-Casper',NULL,'Sporting Goods, Hobby, Book, and Music Stores'),(631,'Halvorson, Gorczany and Grimes',378,'Mining, Quarrying, and Oil and Gas Extraction'),(632,'Schulist and Sons',NULL,'Support Activities for Mining'),(633,'Will, Welch and Kulas',NULL,'Monetary Authorities - Central Bank'),(634,'Lang-Stracke',NULL,'Wood Product Manufacturing  Accommodation'),(635,'Hackett, Shields and Kuhn',NULL,'Apparel Manufacturing'),(636,'Fahey PLC',44,'Scenic and Sightseeing Transportation'),(637,'Stracke-Krajcik',NULL,'Broadcasting'),(638,'Beahan-Frami',NULL,'Hospitals'),(639,'Torphy-Braun',NULL,'Broadcasting'),(640,'Kreiger-Wiza',135,'Professional, Scientific, and Technical Services'),(641,'Schamberger-Bayer',NULL,'Ambulatory Health Care Services'),(642,'Lebsack LLC',NULL,'Crop Production'),(643,'Dickens Inc',543,'Health Care and Social Assistance'),(644,'McLaughlin Group',NULL,'Nursing and Residential Care Facilities'),(645,'O\'Conner, West and Wilkinson',NULL,'Plastics and Rubber Products Manufacturing'),(646,'Runolfsson-Ratke',NULL,'Computer and Electronic Product Manufacturing'),(647,'Hegmann-Rohan',887,'Textile Mills'),(648,'Erdman Inc',NULL,'Other Information Services'),(649,'Romaguera, Bayer and Ernser',NULL,'Beverage and Tobacco Product Manufacturing'),(650,'Rau-Schultz',NULL,'Miscellaneous Store Retailers'),(651,'Lakin, Treutel and Braun',281,'Transit and Ground Passenger Transportation'),(652,'Lebsack, Bednar and Friesen',NULL,'Health and Personal Care Stores'),(653,'Nienow-Robel',NULL,'Heavy and Civil Engineering Construction'),(654,'Botsford Ltd',778,'Construction'),(655,'Braun, Kling and Nader',NULL,'Transportation and Warehousing'),(656,'Hermann and Sons',NULL,'Wood Product Manufacturing  Accommodation'),(657,'Sauer-McDermott',32,'Transportation and Warehousing'),(658,'Nolan-Mitchell',NULL,'Real Estate and Rental and Leasing'),(659,'Armstrong, Grady and Walsh',NULL,'Broadcasting'),(660,'Stoltenberg, Bailey and Jast',NULL,'Real Estate and Rental and Leasing'),(661,'Lindgren Group',NULL,'Administrative and Support Services'),(662,'Satterfield, Treutel and Cronin',378,'Couriers and Messengers'),(663,'Reinger-Kling',NULL,'Computer and Electronic Product Manufacturing'),(664,'Abshire-McLaughlin',NULL,'Truck Transportation'),(665,'Olson-Rippin',NULL,'Natural Resources and Mining'),(666,'Swaniawski, Keebler and Wolf',899,'Paper Manufacturing'),(667,'Mills LLC',NULL,'Professional, Scientific, and Technical Services'),(668,'Kuhic-Kautzer',230,'Transit and Ground Passenger Transportation'),(669,'Crooks, Rempel and Cruickshank',NULL,'Fabricated Metal Product Manufacturing'),(670,'Pfeffer Ltd',NULL,'Food Manufacturing'),(671,'Schaefer Inc',7,'Textile Product Mills'),(672,'Cassin, Hudson and Flatley',NULL,'Textile Mills'),(673,'Kemmer-Hintz',999,'Electronics and Appliance Stores'),(674,'Baumbach-Rogahn',NULL,'Other Information Services'),(675,'Reilly PLC',NULL,'Water Transportation'),(676,'Heathcote-Ward',NULL,'Management of Companies and Enterprises'),(677,'Schoen Group',178,'Other Information Services'),(678,'Stracke and Sons',NULL,'Air Transportation'),(679,'Gutmann, Ortiz and Emmerich',NULL,'Credit Intermediation and Related Activities'),(680,'O\'Reilly Inc',NULL,'Printing and Related Support Activities'),(681,'Mosciski PLC',543,'Rail Transportation'),(682,'Wilkinson-Hamill',NULL,'Other Services'),(683,'Grimes LLC',NULL,'Broadcasting'),(684,'Wunsch PLC',111,'Machinery Manufacturing'),(685,'Kertzmann Group',NULL,'Nonstore Retailers'),(686,'Hettinger-Moen',NULL,'Broadcasting'),(687,'Krajcik, Douglas and Schiller',NULL,'Personal and Laundry Services'),(688,'Mann Inc',188,'Transit and Ground Passenger Transportation'),(689,'Labadie Inc',NULL,'Manufacturing'),(690,'Abernathy, Waters and Stroman',289,'Fabricated Metal Product Manufacturing'),(691,'Bartell, Feest and Schaden',NULL,'Nonstore Retailers'),(692,'Borer, Huels and Wunsch',NULL,'Furniture and Home Furnishings Stores'),(693,'Lebsack-Windler',NULL,'Amusement, Gambling, and Recreation Industries'),(694,'Flatley, Towne and Legros',5,'Financial Activities'),(695,'Feeney, Thiel and Kub',NULL,'Repair and Maintenance'),(696,'Jacobs-Stokes',155,'Specialty Trade Contractors'),(697,'Feest LLC',NULL,'Accommodation and Food Services'),(698,'Yundt Inc',NULL,'Scenic and Sightseeing Transportation'),(699,'Ernser, DuBuque and Keebler',NULL,'Wood Product Manufacturing  Accommodation'),(700,'Kertzmann Inc',327,'Education and Health Services'),(701,'Zboncak, Hackett and Leffler',NULL,'Plastics and Rubber Products Manufacturing'),(702,'Schumm-Conn',NULL,'Textile Mills'),(703,'Rice LLC',567,'Amusement, Gambling, and Recreation Industries'),(704,'Champlin, Zieme and Hodkiewicz',NULL,'Wholesale Trade'),(705,'Oberbrunner, Dach and Sawayn',NULL,'Support Activities for Agriculture and Forestry'),(706,'Graham PLC',NULL,'Fabricated Metal Product Manufacturing'),(707,'Hermiston, Ziemann and Graham',NULL,'Broadcasting'),(708,'Dicki, Lowe and Wisozk',767,'Beverage and Tobacco Product Manufacturing'),(709,'Huel, Ledner and Wolff',NULL,'Leather and Allied Product Manufacturing'),(710,'Friesen and Sons',NULL,'Paper Manufacturing'),(711,'Ruecker and Sons',990,'Food Services and Drinking Places'),(712,'Hessel LLC',NULL,'Information'),(713,'Waters, Block and Witting',NULL,'Postal Service'),(714,'Bernier, Swift and Ferry',NULL,'Broadcasting'),(715,'Beier, Moen and Hermann',53,'Primary Metal Manufacturing'),(716,'DuBuque-Gutkowski',NULL,'Publishing Industries'),(717,'Konopelski, Blick and Kihn',NULL,'Nursing and Residential Care Facilities'),(718,'Stamm-McCullough',NULL,'Personal and Laundry Services'),(719,'Koelpin, Denesik and Gutkowski',NULL,'Miscellaneous Manufacturing'),(720,'Torp-Langworth',NULL,'Information'),(721,'Mann, Ferry and Padberg',93,'Paper Manufacturing'),(722,'Mertz, Gorczany and Huels',NULL,'Health Care and Social Assistance'),(723,'Barrows Ltd',NULL,'Paper Manufacturing'),(724,'Wolf and Sons',NULL,'Petroleum and Coal Products Manufacturing'),(725,'Smitham, Heathcote and Ankunding',NULL,'Construction'),(726,'Emard-Emard',3,'Broadcasting'),(727,'Hettinger-Reilly',NULL,'Real Estate'),(728,'Streich-Christiansen',NULL,'Printing and Related Support Activities'),(729,'Jakubowski, Kozey and Hoppe',NULL,'Chemical Manufacturing'),(730,'DuBuque Ltd',991,'Internet Publishing and Broadcasting'),(731,'Bruen LLC',NULL,'Support Activities for Transportation'),(732,'Abbott, Monahan and Raynor',NULL,'Specialty Trade Contractors'),(733,'Towne, Halvorson and Beahan',723,'Textile Mills'),(734,'Reinger, Hackett and Nitzsche',NULL,'Sporting Goods, Hobby, Book, and Music Stores'),(735,'Considine, Ledner and Bauch',NULL,'Truck Transportation'),(736,'Tromp Inc',NULL,'Transportation and Warehousing'),(737,'Anderson, Haley and Dibbert',86,'Monetary Authorities - Central Bank'),(738,'Roob LLC',NULL,'Telecommunications'),(739,'Mosciski Ltd',NULL,'Management of Companies and Enterprises'),(740,'Abshire Group',1,'Chemical Manufacturing'),(741,'O\'Kon, Daniel and Homenick',NULL,'Broadcasting'),(742,'Halvorson-Walker',NULL,'Arts, Entertainment, and Recreation'),(743,'Cummerata, Runte and Murray',NULL,'Professional, Scientific, and Technical Services'),(744,'Kuhic-Reichert',2,'Furniture and Related Product Manufacturing'),(745,'Hauck-Emmerich',NULL,'Support Activities for Agriculture and Forestry'),(746,'Feil-Fisher',NULL,'Sporting Goods, Hobby, Book, and Music Stores'),(747,'Maggio-Ledner',NULL,'Furniture and Related Product Manufacturing'),(748,'Yost and Sons',990,'Merchant Wholesalers, Durable Goods'),(749,'Johns-Dare',NULL,'Warehousing and Storage'),(750,'Price-Nicolas',NULL,'Wholesale Trade'),(751,'Leannon, Swaniawski and Buckridge',NULL,'Crop Production'),(752,'Ferry, Hudson and Auer',NULL,'Real Estate'),(753,'Rice PLC',450,'Publishing Industries'),(754,'Hickle Group',NULL,'Chemical Manufacturing'),(755,'Powlowski LLC',NULL,'Forestry and Logging'),(756,'Zboncak, Kub and Skiles',NULL,'Administrative and Support Services'),(757,'Kozey Group',1,'Apparel Manufacturing'),(758,'Schumm, Legros and Hills',NULL,'Real Estate'),(759,'Stracke, Gleason and Smitham',NULL,'Information'),(760,'Osinski, Stracke and Graham',133,'Printing and Related Support Activities'),(761,'Stroman-Gusikowski',NULL,'Scenic and Sightseeing Transportation'),(762,'Leffler and Sons',NULL,'Furniture and Home Furnishings Stores'),(763,'Quigley, Gaylord and Greenholt',NULL,'Transportation Equipment Manufacturing'),(764,'Ryan-Reilly',910,'Real Estate and Rental and Leasing'),(765,'Murphy Group',NULL,'Postal Service'),(766,'Bailey Inc',NULL,'Rail Transportation'),(767,'Botsford, Upton and Dach',289,'Real Estate'),(768,'Schuster, Pouros and Nicolas',NULL,'Ambulatory Health Care Services'),(769,'Yundt LLC',NULL,'Motor Vehicle and Parts Dealers'),(770,'Schmeler and Sons',NULL,'Food and Beverage Stores'),(771,'Hauck-Altenwerth',21,'Nonstore Retailers'),(772,'Heller-Corkery',NULL,'Pipeline Transportation'),(773,'Willms and Sons',NULL,'Real Estate'),(774,'Ondricka LLC',654,'Scenic and Sightseeing Transportation'),(775,'Kohler Inc',NULL,'Management of Companies and Enterprises'),(776,'O\'Connell LLC',NULL,'Insurance Carriers and Related Activities'),(777,'VonRueden, VonRueden and Nikolaus',NULL,'Manufacturing'),(778,'Luettgen-Greenholt',NULL,'Sporting Goods, Hobby, Book, and Music Stores'),(779,'Runolfsson-Towne',72,'Miscellaneous Manufacturing'),(780,'Cremin LLC',NULL,'Wood Product Manufacturing  Accommodation'),(781,'Doyle-Blanda',NULL,'Miscellaneous Manufacturing'),(782,'Nikolaus Ltd',NULL,'Financial Activities'),(783,'Morar Group',100,'Rental and Leasing Services'),(784,'Kuphal Group',NULL,'Natural Resources and Mining'),(785,'Brakus Inc',NULL,'Real Estate'),(786,'Ward, Simonis and Bashirian',423,'Apparel Manufacturing'),(787,'Greenholt Ltd',NULL,'Professional, Scientific, and Technical Services'),(788,'Lehner-Schmidt',NULL,'Social Assistance'),(789,'Schumm Ltd',NULL,'Trade, Transportation, and Utilities'),(790,'Monahan-Spencer',90,'Oil and Gas Extraction'),(791,'Pfannerstill, Will and Heathcote',NULL,'Construction'),(792,'Lemke and Sons',NULL,'Ambulatory Health Care Services'),(793,'Walker Ltd',225,'Real Estate'),(794,'Pollich Inc',NULL,'Clothing and Clothing Accessories Stores'),(795,'Reynolds and Sons',NULL,'Motor Vehicle and Parts Dealers'),(796,'Runolfsson PLC',88,'Service-Providing Industries'),(797,'Gaylord-Jaskolski',NULL,'Education and Health Services'),(798,'Cremin PLC',NULL,'Truck Transportation'),(799,'Labadie Ltd',NULL,'Rental and Leasing Services'),(800,'Lebsack-Wiegand',190,'Education and Health Services'),(801,'Barrows Inc',NULL,'Transportation Equipment Manufacturing'),(802,'Harber and Sons',NULL,'Leisure and Hospitality'),(803,'Collins-Marks',NULL,'Real Estate'),(804,'Connelly, Lindgren and Kiehn',8,'Specialty Trade Contractors'),(805,'Durgan, Terry and Fisher',NULL,'Postal Service'),(806,'Lehner-Raynor',NULL,'Nonstore Retailers'),(807,'Jones PLC',423,'Truck Transportation'),(808,'Rempel and Sons',NULL,'Fabricated Metal Product Manufacturing'),(809,'Ryan, Fritsch and Nikolaus',NULL,'Finance and Insurance'),(810,'Schowalter PLC',NULL,'Internet Publishing and Broadcasting'),(811,'Willms-Koch',67,'Administrative and Support Services'),(812,'Halvorson, Hickle and Blick',NULL,'Natural Resources and Mining'),(813,'Prosacco Inc',NULL,'Gasoline Stations'),(814,'Lowe-Lockman',552,'Postal Service'),(815,'Purdy PLC',NULL,'Rail Transportation'),(816,'Batz-Ernser',NULL,'Couriers and Messengers'),(817,'Berge-Nolan',NULL,'Machinery Manufacturing'),(818,'Kovacek PLC',891,'Mining'),(819,'Abbott, Wuckert and Bogan',NULL,'Food and Beverage Stores'),(820,'Nikolaus-Gaylord',717,'Natural Resources and Mining'),(821,'Kreiger-Hodkiewicz',NULL,'Pipeline Transportation'),(822,'Cartwright-Halvorson',NULL,'Oil and Gas Extraction'),(823,'Kuphal, Yost and Abernathy',32,'Publishing Industries'),(824,'Cummerata-Goldner',NULL,'Construction'),(825,'Wyman, Kshlerin and Klein',222,'Finance and Insurance'),(826,'Russel, Zboncak and Farrell',NULL,'Motion Picture and Sound Recording Industries'),(827,'Hartmann-Gerlach',NULL,'Other Information Services'),(828,'Berge-Larkin',5,'Textile Mills'),(829,'Kuvalis, Botsford and Rutherford',NULL,'Support Activities for Mining'),(830,'Ankunding-Gleichner',NULL,'Truck Transportation'),(831,'Cremin Ltd',55,'Retail Trade'),(832,'Crist-Sauer',NULL,'Food Services and Drinking Places'),(833,'Rolfson, Durgan and Kunze',NULL,'Construction of Buildings'),(834,'Brown Ltd',NULL,'Service-Providing Industries'),(835,'Wehner and Sons',354,'Plastics and Rubber Products Manufacturing'),(836,'Brakus LLC',NULL,'Beverage and Tobacco Product Manufacturing'),(837,'Auer, O\'Hara and Buckridge',NULL,'Miscellaneous Manufacturing'),(838,'Pagac, Schmidt and Bins',9,'Educational Services'),(839,'Klocko Ltd',NULL,'Construction'),(840,'Parisian-Hartmann',NULL,'Fishing, Hunting and Trapping'),(841,'O\'Conner Ltd',NULL,'Scenic and Sightseeing Transportation'),(842,'Ritchie, Rice and Orn',762,'Heavy and Civil Engineering Construction'),(843,'White-Schulist',NULL,'Monetary Authorities - Central Bank'),(844,'Wiegand-Torp',NULL,'Rental and Leasing Services'),(845,'Frami, Boehm and Lowe',NULL,'Electronics and Appliance Stores'),(846,'Eichmann, Renner and Connelly',113,'Other Information Services'),(847,'Denesik Inc',NULL,'Real Estate'),(848,'McDermott, Oberbrunner and Champlin',NULL,'Financial Activities'),(849,'Schneider-Nitzsche',NULL,'Accommodation and Food Services'),(850,'Beier Ltd',NULL,'Other Services'),(851,'Treutel-Kshlerin',92,'Data Processing, Hosting, and Related Services'),(852,'Wisoky, Cruickshank and Volkman',NULL,'Funds, Trusts, and Other Financial Vehicles'),(853,'Terry PLC',NULL,'Ambulatory Health Care Services'),(854,'Boyle, Mosciski and Mills',NULL,'Mining'),(855,'Mills Inc',NULL,'Textile Mills'),(856,'Hoeger PLC',332,'Publishing Industries'),(857,'Howe, Considine and Lynch',NULL,'Furniture and Home Furnishings Stores'),(858,'Boyer-Lemke',NULL,'Apparel Manufacturing'),(859,'Trantow, Ratke and Mosciski',72,'Real Estate'),(860,'Von Inc',NULL,'Postal Service'),(861,'Kerluke, Rempel and McKenzie',NULL,'Nonstore Retailers'),(862,'Wisoky, Ebert and Padberg',568,'Textile Product Mills'),(863,'Abernathy, Wisoky and Heidenreich',NULL,'Warehousing and Storage'),(864,'Schmidt LLC',NULL,'Personal and Laundry Services'),(865,'Wolf Inc',NULL,'Support Activities for Mining'),(866,'Miller and Sons',892,'Merchant Wholesalers, Nondurable Goods'),(867,'Cole Inc',NULL,'Funds, Trusts, and Other Financial Vehicles'),(868,'Goyette, Pollich and Ondricka',NULL,'Leather and Allied Product Manufacturing'),(869,'Gorczany PLC',NULL,'General Merchandise Stores'),(870,'Raynor Inc',NULL,'Professional, Scientific, and Technical Services'),(871,'Kemmer Ltd',788,'Animal Production'),(872,'Jakubowski-Nolan',NULL,'Construction'),(873,'Corwin Inc',NULL,'Leisure and Hospitality'),(874,'Zemlak-Schinner',NULL,'Credit Intermediation and Related Activities'),(875,'Legros-Hills',NULL,'Plastics and Rubber Products Manufacturing'),(876,'Mraz Inc',45,'Heavy and Civil Engineering Construction'),(877,'Gleason, Mills and Runolfsson',NULL,'Hospitals'),(878,'Towne and Sons',NULL,'Leather and Allied Product Manufacturing'),(879,'Barton Inc',313,'Insurance Carriers and Related Activities'),(880,'Klein, Kunze and Gerhold',NULL,'Health Care and Social Assistance'),(881,'Marks-O\'Connell',NULL,'Professional and Business Services'),(882,'Connelly-Walker',NULL,'Health Care and Social Assistance'),(883,'Mills and Sons',281,'Pipeline Transportation'),(884,'Marvin-Goyette',NULL,'Retail Trade'),(885,'Hoeger and Sons',NULL,'Computer and Electronic Product Manufacturing'),(886,'Mayert-Nader',NULL,'Real Estate'),(887,'O\'Hara, Jast and Jacobson',NULL,'Water Transportation'),(888,'Doyle-Kutch',788,'Real Estate'),(889,'Stanton, Pfannerstill and Schuster',NULL,'Primary Metal Manufacturing'),(890,'Wiza, Friesen and Nader',NULL,'Printing and Related Support Activities'),(891,'Mayer Inc',NULL,'Financial Activities'),(892,'Ondricka, Pouros and Gottlieb',90,'Rail Transportation'),(893,'Zulauf-Ritchie',NULL,'Telecommunications'),(894,'Oberbrunner, O\'Keefe and Murazik',NULL,'Merchant Wholesalers, Durable Goods'),(895,'Jacobi, Roob and Armstrong',432,'Wholesale Trade'),(896,'Gulgowski, Lowe and Collier',NULL,'Pipeline Transportation'),(897,'Daniel, Block and Miller',NULL,'Oil and Gas Extraction'),(898,'Lueilwitz LLC',6,'Wholesale Trade'),(899,'Kilback Inc',NULL,'Animal Production'),(900,'Effertz, Stoltenberg and Miller',NULL,'Service-Providing Industries'),(901,'Weber PLC',190,'Nursing and Residential Care Facilities'),(902,'Ankunding-Abernathy',NULL,'Retail Trade'),(903,'Beatty, Gerlach and Deckow',NULL,'Oil and Gas Extraction'),(904,'Hirthe, Ankunding and Schumm',78,'Nonstore Retailers'),(905,'West-Ullrich',NULL,'Waste Management and Remediation Services'),(906,'Eichmann-Skiles',NULL,'Social Assistance'),(907,'Kuhic, Fay and McKenzie',NULL,'Crop Production'),(908,'Kessler-Eichmann',112,'Leather and Allied Product Manufacturing'),(909,'Hirthe PLC',NULL,'Monetary Authorities - Central Bank'),(910,'Streich-O\'Hara',NULL,'Gasoline Stations'),(911,'Bernhard Inc',17,'Agriculture, Forestry, Fishing and Hunting'),(912,'Erdman PLC',NULL,'Educational Services'),(913,'Von, Ratke and Pfeffer',NULL,'Rental and Leasing Services'),(914,'Gleason, Hickle and Turner',NULL,'Manufacturing'),(915,'Breitenberg PLC',NULL,'Heavy and Civil Engineering Construction'),(916,'Hessel, Kautzer and Lind',289,'Real Estate'),(917,'Goyette Group',NULL,'Repair and Maintenance'),(918,'Goldner, Sawayn and McKenzie',NULL,'Nonmetallic Mineral Product Manufacturing'),(919,'O\'Reilly, McCullough and Rodriguez',NULL,'Primary Metal Manufacturing'),(920,'Ankunding-Frami',320,'Electronics and Appliance Stores'),(921,'Dickens, Conn and Wolf',NULL,'Postal Service '),(922,'Turcotte-Bosco',NULL,'Private Households'),(923,'Jaskolski PLC',NULL,'Professional, Scientific, and Technical Services'),(924,'McClure-Kiehn',NULL,'Support Activities for Mining'),(925,'Botsford-Jakubowski',NULL,'Management of Companies and Enterprises'),(926,'Homenick, Deckow and Koelpin',277,'Accommodation and Food Services'),(927,'Leuschke-Rowe',NULL,'Fabricated Metal Product Manufacturing'),(928,'Strosin, Beahan and Boyer',NULL,'Transportation and Warehousing'),(929,'Sanford-Wisoky',NULL,'Insurance Carriers and Related Activities'),(930,'Senger-Veum',NULL,'Plastics and Rubber Products Manufacturing'),(931,'Huels-Hammes',679,'Monetary Authorities - Central Bank'),(932,'Sipes Group',NULL,'Leather and Allied Product Manufacturing'),(933,'Raynor-Stroman',NULL,'Oil and Gas Extraction'),(934,'Hodkiewicz Group Ltd',NULL,'Telecommunications'),(935,'Tillman, Lynch and DuBuque',890,'Printing and Related Support Activities'),(936,'Lehner, Hamill and Ortiz',NULL,'Transportation Equipment Manufacturing'),(937,'Metz-Beahan',NULL,'Motor Vehicle and Parts Dealers'),(938,'Mueller, Mann and Gleichner',654,'Finance and Insurance'),(939,'Price-Schaden',NULL,'Health and Personal Care Stores'),(940,'Harris Ltd',NULL,'Merchant Wholesalers, Nondurable Goods'),(941,'Schneider Inc',73,'Oil and Gas Extraction'),(942,'Lehner Inc',NULL,'Financial Activities'),(943,'Hand-Lang',NULL,'Postal Service'),(944,'Morar, Schiller and Lowe',928,'Primary Metal Manufacturing'),(945,'D\'Amore, Gibson and Gleason',NULL,'Air Transportation'),(946,'Gleichner-Cremin',NULL,'Social Assistance'),(947,'Wehner, Hermann and Dickens',853,'Couriers and Messengers'),(948,'Luettgen, Spinka and Batz',NULL,'Miscellaneous Store Retailers'),(949,'Lakin, Will and Roob',NULL,'Accommodation and Food Services'),(950,'Grimes, Harris and Hamill',400,'Oil and Gas Extraction'),(951,'Cronin, Leuschke and Ullrich',NULL,'Financial Activities'),(952,'Jerde-Mann',NULL,'Support Activities for Transportation'),(953,'Hodkiewicz Ltd',NULL,'Oil and Gas Extraction'),(954,'Murazik, Zulauf and Schiller',289,'Clothing and Clothing Accessories Stores'),(955,'Marquardt-Borer',NULL,'Food Services and Drinking Places'),(956,'Mayert, Ryan and Feest',NULL,'Fishing, Hunting and Trapping'),(957,'Brekke LLC',NULL,'Health and Personal Care Stores'),(958,'Muller PLC',653,'Insurance Carriers and Related Activities'),(959,'Schroeder Group',NULL,'Water Transportation'),(960,'Cummings-Kunde',NULL,'Merchant Wholesalers, Durable Goods'),(961,'Wyman, Hartmann and Kiehn',NULL,'Oil and Gas Extraction'),(962,'Huels and Sons',NULL,'Financial Activities'),(963,'Wunsch and Sons',78,'Water Transportation'),(964,'Farrell PLC',NULL,'Forestry and Logging'),(965,'Kertzmann-Rice',NULL,'Pipeline Transportation'),(966,'Greenfelder and Sons',177,'Educational Services'),(967,'Lubowitz-Hodkiewicz',NULL,'Administrative and Support Services'),(968,'Stracke-Runte',NULL,'General Merchandise Stores'),(969,'Jacobi, Hegmann and Balistreri',NULL,'Animal Production'),(970,'Altenwerth, Little and Koelpin',NULL,'Food and Beverage Stores'),(971,'Lebsack, Mitchell and Paucek',886,'Private Households'),(972,'Ward Inc',NULL,'Educational Services'),(973,'Berge Ltd',NULL,'Lessors of Nonfinancial Intangible Assets'),(974,'Hansen-Cummerata',500,'Mining'),(975,'Roberts Ltd',NULL,'Scenic and Sightseeing Transportation'),(976,'Lehner-Heathcote',NULL,'Air Transportation'),(977,'Smith Ltd',NULL,'Plastics and Rubber Products Manufacturing'),(978,'Boyle PLC',567,'Goods-Producing Industries'),(979,'Schmidt Inc',7,'Oil and Gas Extraction'),(980,'Kirlin-Hessel',NULL,'Heavy and Civil Engineering Construction'),(981,'Kulas PLC',NULL,'Leisure and Hospitality'),(982,'Wilkinson Inc',NULL,'Waste Management and Remediation Services'),(983,'Braun-Kunze',NULL,'Petroleum and Coal Products Manufacturing'),(984,'Hudson, McGlynn and Murazik',543,'Oil and Gas Extraction'),(985,'Schinner, Hauck and Wunsch',NULL,'Air Transportation'),(986,'Zboncak, Lockman and Altenwerth',NULL,'Health and Personal Care Stores'),(987,'Gleichner Group',NULL,'Leather and Allied Product Manufacturing'),(988,'Mayer-Jakubowski',300,'Air Transportation'),(989,'Jast-Corwin',NULL,'Agriculture, Forestry, Fishing and Hunting'),(990,'Morissette-Halvorson',NULL,'Forestry and Logging'),(991,'O\'Conner PLC',NULL,'Air Transportation'),(992,'Hartmann-Buckridge',NULL,'Nursing and Residential Care Facilities'),(993,'Kunde Ltd',678,'Social Assistance'),(994,'Hand, Schaden and Howell',NULL,'Nonstore Retailers'),(995,'Mosciski, Adams and Miller',78,'Real Estate'),(996,'Larkin, McDermott and Stracke',NULL,'Specialty Trade Contractors'),(997,'Leuschke, Kunde and Macejkovic',NULL,'Machinery Manufacturing'),(998,'Koch, Russel and Quitzon',234,'Machinery Manufacturing'),(999,'Lehner Group',NULL,'Air Transportation'),(1000,'Funk, Howell and Lemke',NULL,'Finance and Insurance');
/*!40000 ALTER TABLE `Company` ENABLE KEYS */;
UNLOCK TABLES;

--
-- Table structure for table `Person`
--

DROP TABLE IF EXISTS `Person`;
/*!40101 SET @saved_cs_client     = @@character_set_client */;
/*!50503 SET character_set_client = utf8mb4 */;
CREATE TABLE `Person` (
  `Id` int NOT NULL AUTO_INCREMENT,
  `PrefixId` int DEFAULT NULL,
  `username` varchar(15) DEFAULT NULL,
  `FirstName` varchar(20) DEFAULT NULL,
  `Lname` varchar(20) DEFAULT NULL,
  `SuffixId` int DEFAULT NULL,
  `email` varchar(50) DEFAULT NULL,
  `PasswordHash` varchar(50) DEFAULT NULL,
  PRIMARY KEY (`Id`),
  KEY `FK_Prefix_idx` (`PrefixId`),
  KEY `FK_Suffix_idx` (`SuffixId`),
  CONSTRAINT `FK_Prefix` FOREIGN KEY (`PrefixId`) REFERENCES `prefix` (`Id`),
  CONSTRAINT `FK_Suffix` FOREIGN KEY (`SuffixId`) REFERENCES `suffix` (`Id`)
) ENGINE=InnoDB AUTO_INCREMENT=399 DEFAULT CHARSET=latin1;
/*!40101 SET character_set_client = @saved_cs_client */;

--
-- Dumping data for table `Person`
--

LOCK TABLES `Person` WRITE;
/*!40000 ALTER TABLE `Person` DISABLE KEYS */;
INSERT INTO `Person` VALUES (1,4,'SheriM','Sheri ','May ',NULL,'sherim@gmail.com','154d25efbeee4a0fd86fb3ed6a8973bd'),(2,2,'Sperry','Sammy ','Perry ',3,'sperry@yahoo.com','46ee2c6f1b3cdf3fb541b6f5b7263642'),(3,5,'Wthompson','Willard ','Thompson',NULL,'willardt@gmail.com','c2a869520110171ea1007aa0aee136b7'),(4,3,'KellieW','Kellie ','Wade',NULL,'wadek@yahoo.com','64852f5d48f9b78db566f993a5b69bcd'),(5,2,'ConradA','Conrad','Alvarado ',NULL,'conrada@hotmail.com','09b4a4052d6a2f35e801f90bc7fefd73'),(6,4,'Ahall','Angela','Hall',NULL,'ahall@gmail.com','b8e9dfd8e6e827c0b0a440904573898a'),(7,2,'Mprice','Manuel ','Price',2,'manuelprice@gmail.com','4d1693a006ad22f1914fede391be0128'),(8,5,'FloydT','Floyd','Tyler',NULL,'tylerfloyd@yahoo.com','838b79bf2d9d75b30acdf6b6da80067c'),(9,2,'DerekG','Derek','Gilbert',NULL,'gilbert@ufl.edu','5c9ea52f6562016154e21d659a898490'),(10,3,'Sdrake','Samantha','Drake',NULL,'drake@yahoo.com','86ffe275cacd5ab5f9623a4a4a13ea7f'),(11,5,'LynnP','Lynn ','Patrick',2,'patrick@gmail.com','e023ab5db98233809de34112c2779824'),(12,4,'stranger','Patti','Roberson',NULL,'patti@yahoo.com','f68c00eda712d471db06f815e5199c22'),(13,3,'Cpatty','Patty ','Craig',NULL,'pattycraig@hotmail.com','f48832acfc040f7f26399eef13081e29'),(14,3,'catlover15','Heidi','Rodriguez ',NULL,'catlover@hotmail.com','924fe314e703119266933c7d3bb62c50'),(15,2,'Dwarren','Dwight','Warren',NULL,'warren@gmail.com','f510c1f77a7426c23bf77c4ab4ec8bcd'),(16,3,'PamelaA','Pamela ','Austin',NULL,'austin@yahoo.com','b5f2124ce9e85f389b43d6a6a14bafaf'),(17,2,'doglover25','Matthew','Cain',NULL,'doglover@icloud.com','62f0d465a72f0c447625c89187aff8f9'),(18,2,'JensenR','Russell','Jensen',3,'jensenrocks@yahoo.com','7755fde080dac8817b7b5776d7e405ca'),(19,5,'Breyes','Blanche ','Reyes',NULL,'blanchereyes@icloud.com','ec47e04641ad1b56a12ae4e836aeb684'),(20,4,'PennyM','Penny ','Montgomery ',NULL,'pmontgomery@gmail.com','bf49214cfac105d9039adfa36b1f4caa'),(21,3,'Rowan','Rowan','MacDonald',NULL,'macdonald@yahoo.com','a9a700a50ab4033ac064858bc6672ff3'),(22,NULL,'Warner','Casey','Warner',3,'Casey@gmail.com','6fc9cf2d821a1b49da56505c20076603'),(23,NULL,'Dbrynn','Brynn','Davila',NULL,'brynn23432@icloud.com','726acfbff1ec69c233119e1a7a57d6dd'),(24,NULL,'Bthompson ','Byron','Thompson',NULL,'bryont@hotmail.com','395484832f725c7367469de7e06f0fed'),(25,3,'Lydiag25','Lydia','Gilmore',NULL,'lydiarocks@gmail.com','60a128f71cbc3940ea97d0517795cb00'),(26,2,'GalvanZ','Zachariah ','Galvan',NULL,'galvan25@hotmail.com','ddac70c26c2bfd8d9b22befd5c04f6f1'),(27,NULL,'PiousStudent','Lailah','Austin',2,'austinl@aol.com','93015e3d4786478f9e80a95b56c97b6f'),(28,2,'GoodEmployer','Emiliano ','Huff',NULL,'hufffff@yahoo.com','8a6a483080271d46bdfb89c704f383ea'),(29,5,'Foodie786','Ray','Campos',NULL,'parasitesonly@gmail.com','47ca716d6f1b3024f8ac9859c634424c'),(30,4,'Madagscar45','Cecelia ','Faulkner',NULL,'booksamillion@gmail.com','f4df5a3219f1f2c80118adb49a0fcc63'),(31,NULL,'Tommy35','Dillon ','Abbott',2,'abbott@gmail.com','4f4ac9cc968937af062890a64fc5c526'),(32,2,'JaredHuber','Jared','Huber',NULL,'jaredhuber@yahoo.com','8525d2d6ee75fb4daa4a11cd617cdb7f'),(33,2,'DarianC','Darian','Castro',NULL,'greenkettle@gmail.com','528e4c5b9277be36716e98ba6da8f328'),(34,2,'MarkP','Mark','Pineda',NULL,'pinda@gmail.com','13b3d995cc802185c1bd3d2b6b522eb5'),(35,5,'Spyboy37','Kyler','Faulkner',NULL,'faulkner@yahoo.com','ca7173b877484dbf013f5b8510483c16'),(36,3,'NathalieR','Nathalie','Richard',NULL,'richardsons@gmail.com','120d0e6f5bd5e91688e02d4eec3c8b73'),(37,2,'Ebutler','Ernest','Butler',NULL,'thebestbutler@yahoo.com','adebe18805dbeb39482d9e8f6839162e'),(38,NULL,'JuneH','June','Hensley',3,'junehensley@gmail.com','04c4050d76d16b1e8f5320910a3e66a0'),(39,2,'Noel123','Noel','Sparks',NULL,'sparksfly@yahoo.com','85b2a3a2301163ac47eeb03d2ee1ea6f'),(40,3,'Maryjane1329','Maryjane','Townsend',NULL,'townsend@gmail.com','10bbf3683e96f8f7276c36c4b8553aff'),(41,5,'Bird23','Jermaine','Bird',NULL,'birdsuo@yahoo.com','a261dbd370eb913bc4bcdb3c05473dcc'),(42,2,'Kbowen','Kolten ','Bowen',3,'bowandarrow@gmail.com','13b96531f9a78ff9ce66417469a80bed'),(43,2,'IbarraNoel','Noel','Ibarra',NULL,'ibarra@yahoo.com','2188005d970acc2f26403b2dd2824b71'),(44,2,'Kyan','Kyan ','Barry',NULL,'theflash@yahoo.com','cc0295246f75e5a6329f8a1eb89003fb'),(45,3,'Jackie36','Jacquelyn','Fernandiz ',NULL,'jackie@gmail.com','75a70bbf153f731662938aa0e42de647'),(46,2,'Harmon','Reed','Harmon',NULL,'reeds1987@gmail.com','8fbb4f6af143f61962d2d975886a01f0'),(47,4,'Kimberly23','Kimberly','Hunter',2,'kimkimkim@yahoo.com','e9e17f81cd943315ebd1ee3a478a3d51'),(48,3,'Jillian232','Jillian','Mckay',NULL,'mckayy@gmail.com','939f7c85b61fd10e73aff3144b358805'),(49,2,'Rhunter','Richard','Hunter',NULL,'richardhunter@ufl.edu','1cff48bc494dc1468bd3a7e506f425ec'),(50,3,'Shunter','Sutton','Brady',NULL,'suttonbrady@ufl.edu','785a07f9aa5ba6bd2c352a79a169c6e0'),(51,4,'SandraT','Sandra','Thompson',2,'thompson@yahoo.com','6d4eb2ddbc570187b91bd291417c19ae'),(52,3,'Melissa','Melissa ','Hamilton',NULL,'hamilton@gmail.com','c550a53785c39a2630e293167d13dfcc'),(53,2,'Cook','Jacob','Cook',NULL,'jcook@gmail.com','8a005238b17e136a3af8241101340270'),(54,5,'Barrett','Marques','Barrett',NULL,'barrett@yahoo.com','21b13eafa4f51471620be4e5555b7fb2'),(55,2,'Samirferg','Samir','Fergueson',NULL,'samirferg@yahoo.com','bf8264a44df8bb1da1da9263c1b2e029'),(56,NULL,'Feeltheburn','Cindy','Burns',NULL,'feeltheburn@yahoo.com','ff66b01dbb050d6f760c1eed64bfb46c'),(57,2,'Horbacz','Justin','Horbacz',NULL,'justinhorbacz@ufl.edu','9d57af7e90f54bdff56512e580b9a199'),(58,NULL,'Seth237','Seth ','Daniels',3,'sethdaniels@gmail.com','09f555ee22dd3637365c7183d306cdcb'),(59,2,'Trump','Donald','Trump',NULL,'trump@ufl.edu','dc1040662e10123c60e5f49e499d535d'),(60,2,'Barack','Barack','Obama',NULL,'obama@ufl.edu','28a3f861b9fb0e61feddc94ab1d109d0'),(61,2,'Joe','Joe','Biden',NULL,'biden@ufl.edu','37dae129e69b6eb5d393bef8ea82d4c9'),(62,NULL,'Webster','Franco','Webster',3,'websterfranco@gmai.com','be4ff24c34c6deac749202f8d6f8f2f8'),(63,NULL,'LyonsR','Reid','Lyons',NULL,'reidl@yahoo.com','1910d4a71b58e5f05445d6087b5303c7'),(64,2,'JackH','Jack','Hudson',NULL,'jackhudson@gmail.com','4d7577608e03b2cbcdf7460ec3475fd9'),(65,4,'SavvanaC','Savanna','Campos',NULL,'scampos@gmail.com','63a22abd6e9cb5bfb729f3b6bb7dafe5'),(66,NULL,'JudeL','Jude','Lynch',NULL,'jude@yahoo.com','699776dfdf18d32818ecba24610ef513'),(67,3,'CarlaF','Carla ','Frazier',2,'carla@gmail.com','ffdfb6d4475d1fa89f036f10001e7efc'),(68,3,'HotGirl54','Hannah','Soliman',NULL,'hannahsoliman@ufl.edu','5f707ff4dcd2bf257daf97f617e3a50c'),(69,4,'BrownGirl37','Isha','Gupta',NULL,'ishagupta@ufl.edu','c2022bbc0ce57522a1732ea63bb33a31'),(70,2,'BillyBoy','Billy','Bright',NULL,'billyboy27@gmail.com','2c39f4a2c9fa9cb0087454848a78a5b2'),(71,3,'Freshman34','Carlee ','Price',2,'carleeprice@gmail.com','35b19c141606f7d9851a96b2bf022c0c'),(72,4,'HPrice','Hailey','Price',NULL,'whatstheprice@yahoo.com','500fe53f738c2105c936e046bf758788'),(73,4,'Jburns','Jenna ','Burns',NULL,'jennaburns@ufl.edu','6089096892608ba211506672ba472952'),(74,2,'MCarvahalo','Micheal','Carvahalo',NULL,'mikey@gmail.com','e451bd0cb0f6dac4313588111b9884fa'),(75,3,'Grandma35','Kamila','Campos',NULL,'kcamps@gmail.com','9f7a0623a04d8b9318f974d94d92fed5'),(76,3,'Mommy45','Nina','Huff',NULL,'nhuff@yahoo.com','b3eb61efea04f27627ab37cf243bdd5f'),(77,4,'Catmom234','Lexie','Vang',NULL,'lexie@hotmail.com','0567273379db34a06610910362862016'),(78,2,'Dogmom232','Barry','Alen',3,'fasterthantheflash@hotmail.com','3fa6f9da6be37ff4eee8637f7d8da7b9'),(79,3,'Ruth','Ruth','Reese',NULL,'reese@hotmail.com','c57a6667ec4d1f9f891359dcb9841805'),(80,4,'Jaydn34','Jadyn','Noble',NULL,'jadyn@gmail.com','5c54e28d110cbf466d0827bc75ec17c1'),(81,4,'NorthDakota','Dakota','Thomas',NULL,'dakota@aol.com','a3b221a878ac2212563e02cd1d385b19'),(82,4,'Annabel2','Annabel','Davis',2,'annabbel@yahoo.com','b60759f1144da871fd383f47f314e015'),(83,3,'ZoyaLDR','Zoya','Khan',2,'zoyakhan@ufl.edu','9fe5edbd328216dab9a43b9cc1cbbfb4'),(84,2,'Fraazy23','Fraaz','Ahmed',NULL,'fraaza@gmail.com','bb8abcdfbb8b4c57f32db4afd21c55a3'),(85,4,'Banker23','Aryanna','Banks',NULL,'banks@gmail.com','4df9be700bfb0f338bfe87d874843b7a'),(86,2,'FSyed23','Fraaz','Syed',NULL,'fraazsyed@ufl.edu','9bf7f1816b0fb56f7a558f3382838016'),(87,5,'Mphilips','Myla ','Philips',2,'mphilips@gmail.com','8fe9c728ed1cddbf053b87d618a16681'),(88,5,'Acortez','Anika','Cortez',NULL,'acortez@yahoo.com','2909dcc30dd4da3fd8ec7b4963a43009'),(89,NULL,'Lvanf','Lexie ','Vang',NULL,'lvang@yahoo.com','53d7342721c986bbbab7c79c6127b68b'),(90,2,'Burritolover','Dennis','Berrios ',NULL,'dennisberrios@ufl.edu','05260f10492024bb58a2779b8848c1ce'),(91,2,'Gayguy723','Amal','John',3,'amaljohn@ufl.edu','1b038bb576bac7f057933e1cf899de81'),(92,2,'Govey32','Jake','Govey',NULL,'jakegovey@ufl.edu','f738b9753f50410a81425c90ac2095c5'),(93,2,'NathanN','Nathan ','Nicolas',NULL,'nathannicolas@ufl.edu','271eb9802c5b20ca62997ec1f95dc4a1'),(94,2,'NelsonS','Nelson','Shah',NULL,'nshah@yahoo.com','514ec4182f3031bcf6bb06638860c05e'),(95,NULL,'LaybeC','Layne','Cardenas',NULL,'layne@gmail.com','c113a0583cac8cb25b8f1e62da477e25'),(96,NULL,'Kolby772','Kolby ','Wilox',NULL,'kolby@yahoo.com','5d3e6409152e8c44c3202b8cceaf6c98'),(97,2,'Brownboy23','Dony ','Imran',NULL,'donyimran@ufl.edu','914bad43a9d959ff835be7f9c8208286'),(98,2,'Allstar12','Kobe ','Bryan',3,'bryant@gmail.com','1208cf5f2dab814fa4ce9550a6821987'),(99,NULL,'London','London ','Day',NULL,'london@gmail.com','fd334e6654e7dd9c3b188a9d25fbf0a9'),(100,2,'Drakthar','Akthar','Amin',2,'amin@yahoo.com','287babe049b7d4d500d6f78c7d4c028c'),(101,5,'RuthReese','Ruth ','Reese',NULL,'ruthreese@gmail.com','97be92e3e0bb6aeddd18773be8892d63'),(102,5,'Raventhecrow','Raven ','Adams',NULL,'radams@gmail.com','aa55927de8ac02f378882f9c3b9609d3'),(103,NULL,'MekhuH','Mekhu','Hardy',NULL,'hardlyawake@yahoo.com','5ba05a39ab3043ffa5e3f15276ca3f29'),(104,2,'Blake','Rafeal','Blake',NULL,'blake@gmail.com','f4d84b8217f03e1f0d3a971c8962aaf3'),(105,3,'Janethevirgin','Jane','Virgin',2,'janethevirgin@yahoo.com','ea977110bc172f045d79482018c4dd91'),(106,2,'HassanT','Hassan ','Thornton',NULL,'hthornton@yahoo.com','e7e025aee22409334d38abe1c3a0f11a'),(107,2,'Russell','Russell','Guerra',NULL,'guerra@yahoo.com','a41019addbc8763fab26f23193c77fa8'),(108,2,'Whucks','Willow ','Hicks',3,'whicks@gmail.com','bef29cd31362c04efc6c8857679c24d7'),(109,NULL,'AmaniM','Amani ','Mills ',NULL,'amani@gmail.com','f1016e5dc3e6fed05df5988757fc4066'),(110,NULL,'ClaytinZ','Clayton ','Zamora',NULL,'clayton@hotmail.com','3e705b4cee3678dc4f00c14c97171d47'),(111,4,'FatimaRashid','Fatima','Rashid',NULL,'fatimarashid@ufl.edu','9aaebcde10c6d5e8751ae1b5b4b294e1'),(112,NULL,'BaronW','Baron','Welch',NULL,'baronw@gmail.com','cfd1acfd95007b19835a866fa84dea3e'),(113,2,'GiancarloP','Giancarlo','Paul',NULL,'paul@gmail.com','18c5c321ec479a06448f0fd2fceb7923'),(114,2,'Svargus','Soloman','Vargas',NULL,'vargas@yahoo.com','7fb069cd32ee4731601e9bb9d720e479'),(115,3,'LiaS','Lia','Scott',3,'liascott@yahoo.com','6890dd8644ff8721ac0fbc13033d8f88'),(116,4,'PreaR','Prea','Rahman',NULL,'rahman@ufl.edu','e6126217ad2ebc262289ecb0434d7ee4'),(117,NULL,'BradenC','Braden','Cuevas',NULL,'cuevas@gmail.com','4b5e93fe85cdf80026100da7582892bd'),(118,2,'SpencerO','Spencer','Owens',NULL,'sowens@gmail.com','154a7ae44ec4fcb993922a2c44a1c74c'),(119,5,'Llevina','Lawrence','Levina',NULL,'levina@gmail.com','2121f58333a8ee948aa5498a5c461d5f'),(120,5,'BlainaMora','Blaine','Mora',NULL,'blaine@yahoo.com','054e7f6db66003eb3b942fcb42ee8780'),(121,3,'Caitilin','Caitlin','Andrade',2,'caitlin@gmail.com','2a0472e519be3707a4feb9a152e304e6'),(122,4,'Dulcedeleche','Dulce','Hess',NULL,'dulce1735@gmail.com','00f66443aa5c0793f2db340e8fd528fe'),(123,2,'Abraham213','Abraham','Boone',NULL,'boone6592@gmail.com','8cba238be2fe5c679427a40171f0a3f8'),(124,5,'Bvargus','Bernard','Vargas',NULL,'bernard17738@yahoo.com','74999095dbf83f8f6396e455f1fbc37d'),(125,5,'Pedro','Pedro','Johnston',NULL,'pedro32@gmail.com','1daa88281822b13f61168cf646b2d594'),(126,NULL,'BenajminFrank','Clayton ','Benjamin',2,'benjamin@gmail.com','e16bf981c7579ae41d0b7fa0cfc5e36e'),(127,3,'Ayala!','Arabella','Ayala',NULL,'arabella75@gmail.com','442a074ff958af487bbd9c699ae95f5c'),(128,5,'Drake','Kamari','Drake',NULL,'kamari75@yahoo.com','6f5c0dd774c0c92ccc9a26d167d0cff0'),(129,3,'Greg','Madelyn','Gregory',NULL,'gregory@hotmail.com','ff4ce891e017191e6b671574f908fc05'),(130,2,'Hickman','Octavio','Hickman',3,'hickman@gmail.com','8ae3ceb64db047f2cf40e6cb2e568717'),(131,4,'Aware','Anabel','Ware',NULL,'ware@yahoo.com','a9a33d101b5b069a4aed4d551ef8f640'),(132,2,'Ward2232','Donavan','Ward',NULL,'ward@yahoo.com','394362e8a42d5f02477f5dfba202430c'),(133,3,'CloeRose','Cloe','Stephenson',NULL,'cloerose@yahoo.com','6a23e1056ddf2fea9e204d75e86e42b5'),(134,2,'Landy56','Landon','Nunex',NULL,'landonpierce@gmail.com','abb2d8fb7f3b67d2dccdc0bf819f7e4d'),(135,4,'SummerisComing','Summer','Medina',NULL,'summerscoming@gmail.com','7bec97df81d280ce133979f4c79adbf0'),(136,2,'JaylenSant','Jaylen','Santiago',NULL,'jaylen@gmail.com','54c63fa072c06cd016791fd21a6230e7'),(137,4,'Ageorge','Alaina','George',3,'alainag@hotmail.com','628c3e60fd1af857ddb8a65aea445a66'),(138,4,'KendalM','Kendal','Malone',NULL,'kmalone@hotmail.com','3cdd8f12c9e4600497b4a10c312aabf6'),(139,3,'ClaudiaMarsh','Claudia','Marsh',NULL,'claudia@yahoo.com','bdcb3bcca43b4a603c358a096a263c9b'),(140,3,'SyndeyB','Syndey ','Barry',NULL,'syndey@hotmail.com','ab1858a3af54f861a0adcd43d48d02ce'),(141,3,'Kirbyiscool','Nyla','Kirby',NULL,'kirby@aol.com','dcf10b4a069afb8e570d8db5e11c396d'),(142,2,'Oscar','Oscar','May',NULL,'iwonanoscar@yahoo.com','d576b2434dc3770b68de2bb98d371248'),(143,3,'Katrina','Katrina','Randall',2,'katrinarandall@aol.com','31325c1c9d15eea07cd877db56458a3d'),(144,3,'ScarletJohnson','Scarlet','Henderson',NULL,'henderson4689@aol.com','16f983ae03757d672e47056f75913885'),(145,4,'Joyishere','Joy','Villarreal',NULL,'joyv@yahoo.com','7174afea3b2ab4bc396300a02626007c'),(146,4,'Kristen','Kristen','Charles',NULL,'kcharles@gmail.com','837abb0c312c75e105f9c7f2716b2e8a'),(147,4,'AdaM232','Ada','Mason',NULL,'adamason@gmail.com','77e9fb8a8c01066750fde484038b638a'),(148,2,'Colby2334','Colby','Galloway',NULL,'colby@yahoo.com','7c5b8962411895d0f1b6bf5d639d05a1'),(149,4,'ZoeyFrank','Zoey ','Frank',3,'zoeyfrank@yahoo.com','392e34505f9aaa7ab7a3f1bdf59fa419'),(150,2,'Ybarber','Yusuf','Barber',NULL,'barber@gmail.com','4d74e75de7c7050fe3cdfc47fe008b8b'),(151,4,'AngelaF','Angela','Frank',NULL,'angela@gmail.com','821be9111b76a0bdf8108ad8caab1572'),(152,3,'Abby3843','Abby','Benjamin',NULL,'abby@abbott.com','d531b2dd76912f0889171758bf9c4673'),(153,2,'Friendlyneigbot','Dorian','Dougherty',NULL,'dorian@pandg.com','bdb6c001d90c6f1ea0ee357585f391e2'),(154,4,'Doglover34','Regina','Serrano',2,'regina@kpmg.com','2e2ad0dd0a1c96fc5e8a65fe604da8e7'),(155,3,'Swimmer23','Aracely','Woodard',NULL,'woodard@ey.com','83879b8a05d2166cd15f4bef7e442044'),(156,2,'Biker232','Demarion','Rocha',NULL,'drocha@gmail.com','17578df5d69175e47bbab22f834d9a63'),(157,2,'Foodie122','Luke','Fernandez ',NULL,'lukef@pandg.com','b42ca636f7310922384cfd6880ba97b4'),(158,2,'Cole','Demtrius','Cole',NULL,'dcole@paylocity.com','ed9dd6099ffcc6b1c282b117d5b15833'),(159,4,'Harvey32','Grace','Harvey',2,'harvey@accenture.com','734b0e0ecadf8a98ea31fbebed779d0c'),(160,3,'Hazel','Hazel','Mckee',NULL,'hazel@amazon.com','cd6caa4278b36439bf0f0ce0d13146ff'),(161,4,'Caseclosed','Case','Cox',NULL,'casecox@google.com','cec3aaecb053792d7d91aa1865dc7c59'),(162,3,'Bernard23','Leilani','Bernard',NULL,'bernard172037@gmail.com','17827b35813f463b16eb67af7ea33e0d'),(163,4,'Goldenhour23','Greta','Golden',3,'golden@gmai.com','132c939b092a30dab3705d144231b2e9'),(164,2,'Paula','Wesley','Paul',NULL,'wpaul@yahoo.com','0bb0892e6fb06db087f5c0d5b416bdbb'),(165,2,'Finley23','Finley','Mckinney',NULL,'finley@yahoo.com','8023ea65a4b1cdd95cea5b00e5812047'),(166,3,'Georgia232','Georgia ','Young',NULL,'stayyoung@gmail.com','d46cabde8ac7384b19fa2f1a2b284551'),(167,4,'Giselle232','Giselle','Turner',NULL,'graceturner@yahoo.com','e3d286eae7048204d04f0df4e305cbc8'),(168,2,'Lukas','Lukas','Mathis',NULL,'lukas@kpmg.com','7c03aa8c7c40e7f3ad709f951b75bcd2'),(169,4,'Shea','Shea','Kerr',NULL,'sheakerr@yahoo.com','124af5e8803eb3493aeb9f326cb760f1'),(170,5,'Charvery','Cristofer','Harvey',3,'charvey@accenture.com','1999dbe480be765efdb996487ded5bbc'),(171,4,'Lamb456','Kinley','Lamb',NULL,'lamb702@yahoo.com','a3c3817011ef3657837dc9699c7ad700'),(172,3,'Lyric243','Lyric','Delacruz',NULL,'delacruzl298@yahoo.com','12f5945d900b472113dcf8f5990725fb'),(173,4,'Ccoleman','Cassandra','Coleman',3,'coleman@gmail.com','bb4b9251783355c79b0411fe92ec3c57'),(174,3,'Aosborn','Abigayle','Osborn',NULL,'osborn@yahoo.com','374b85a66706bb711c01d8b0398da659'),(175,4,'Cpatterson','Celeste','Patterson',NULL,'patterson12810@gmail.com','d25023fe7ab394d5d4180c606bb2b08f'),(176,3,'DemarionM','Demarion','Martin',NULL,'martin@gmail.com','25ff0308ad53489113ce0ac8d086684f'),(177,4,'ElizabethW','Elizabeth','Wheeler',NULL,'wheeler@yahoo.com','89bfbc03e8574e4a4ed31dbbf90e7e83'),(178,3,'MareliB','Mareli','Blair',NULL,'blair@aol.com','a75fb4e3bea063ce2d4d383c9c69a8e4'),(179,4,'NathaliaW','Nathalia','Watson',2,'watson1289@aol.com','7d9e567db6e0dcc809bf08c5ec82c37d'),(180,3,'LailaAbbott','Laila','Abbott',NULL,'laila@abbott.com','cd4687bd7e12ac45f0655715f3363ac4'),(181,4,'KimoraWalter','Kimora','Walter',NULL,'walter239@aol.com','e1d35286d082cdddec82913fef7d88b0'),(182,3,'Orr','Dominique','Orr',NULL,'orr@aol.com','d48ff69c13b60c2b9d472037b9fd8ab4'),(183,2,'Barrera','Nathen','Barrera',NULL,'nbarrera@gmail.com','3e1ec3b19a94cfdc96379b0a45a93ff9'),(184,2,'Hohoho','Cale','Ho',NULL,'ho@gmail.com','e2a4a2eb5b9938a52c190762183ea577'),(185,2,'JaylenR','Jaylen','Reed',3,'reedj@yahoo.com','bcb712bc3d42a85c0e86488851cca8ef'),(186,2,'JaredW','Jared','Weeks',NULL,'weeks@gmail.com','3a92e9d98f828588409f1bf216de3771'),(187,2,'SaldeB','Slade','Bentley',NULL,'bentley@yahoo.com','36eb803346ca9bb310eef1b88a38457f'),(188,4,'Singer2342','Tate','McRae',NULL,'singer37@yahoo.com','a66e21a5900b5b4d34414d096d0d4f6e'),(189,2,'Singer2323','Ali','Gatie',NULL,'singer54@gmail.com','858c8535bece692b68e60a8151078a71'),(190,2,'Musician37','Travis','Dietz',2,'dietz@ufl.edu','633212a063f4c9fdb7e8a5c5b70e66c1'),(191,4,'Banker56','Aubrey','Banks',NULL,'abanks@gmail.com','62fe5b1eda6274f9764746d550015c4f'),(192,5,'Consultant355','Dixie','Cowan',NULL,'dcowan@aol.com','14ca66dd3abf5f635a9a180dd61bf80c'),(193,NULL,'Athlete243','Presley','Berry',NULL,'berry@yahoo.com','ce8bffc2b66a5b9822117ed04536353f'),(194,5,'Doctor345','Christine','Stafford',NULL,'cstafford@yahoo.com','917567bc317f89573b05558c1b4196ab'),(195,3,'Doglover243','Mikayla','Roww',2,'roww@yahoo.com','03cc6b2f8b8bd2cb37a7ce7ed157fd87'),(196,NULL,'Enthusiast232','Marie','Fitzgerald',NULL,'sfitzgerald@gmail.com','6a81edd7dd5787291c107759ecd02087'),(197,5,'NorthDakota','Dakota','Jensen',NULL,'ndaokota@yahoo.com','ace8ac6644ca3ed06ec89041ccc1474f'),(198,5,'AishaR','Aisha','Rubio',NULL,'aishar@gmail.com','1e98f6cb38920ee3d5202084520dd9ae'),(199,4,'Mom7543','Violet','Daniels',3,'violet@yahoo.com','a4bb395845065b85f2fada3918fd7b9d'),(200,2,'Dad343','Jose','Novak',NULL,'jose@gmail.com','e485286e6938692283b3b9a1edb0d37d'),(201,4,'King','Felicity','King',NULL,'theking@yahoo.com','d6e5ee71ac69e89472607ffb3fdb0104'),(202,4,'Joy','Joy','Cantrell',NULL,'joy@yahoo.com','73383ff7221fac163b1786a922a72af7'),(203,3,'Steele34','Syndey ','Steele',NULL,'steele@yahoo.com','613520219361752fe0baa4df2c8de256'),(204,4,'Benson203','Izabella','Benson',NULL,'benson@yahoo.com','06645fe53c890ff0553d29ae42cce5e4'),(205,3,'Carmen643','Carmen','Davila',NULL,'carmend@yahoo.com','14f38e64ea8da20e069e7f1773dfb64c'),(206,NULL,'Reese576','Reese','Blackwell',3,'reeseb@yahoo.com','ba621082f5901a98fe91cafd196d4e54'),(207,2,'Bobbt','Bobby','Ward',NULL,'bward@yahoo.com','ab97c385c9186f06cf46ea716d32641c'),(208,2,'Hunter465','Hunter','Lara',NULL,'lara@yahoo.com','b7c6cb8ffc9f4e92199ba0e9a62e57ae'),(209,4,'Sage645','Sage','Gray',NULL,'gray@gmail.com','149218a7edaf10cb693f0fef9916a0f0'),(210,3,'Maribel644','Maribel','Allison',NULL,'allison@yahoo.com','fcf6757687918c0affba4ed4fe66292e'),(211,2,'Miguel','Miguel','Mckenzie',NULL,'miguel@aol.com','80b345bdd962e8d2bedb1d7a61b9ad85'),(212,NULL,'Autumn345','Autumn','Keith',NULL,'autumn@yahoo.com','9a970c1764440e009dad57a660732463'),(213,NULL,'Odom','Gauge','Odom',3,'odom@yahoo.com','79157f88d0bc55a8d6dc50168c9c4fe8'),(214,4,'Forbes','Breanna','Forbes',NULL,'forbes@gmail.com','2d5407bba300eb2af4b232fd6963f8cd'),(215,2,'Ahmed','Ahmed','Hogan',NULL,'hogan@aol.com','dc490ce09dcaaaa53156f36133b00b0f'),(216,2,'Gustavo','Gustavo','Holloway',NULL,'gustavoh@yahoo.com','eeb14c5c070f23c0367dec2906d28887'),(217,2,'Rose23','Landyn','Rose',NULL,'rose@gmail.com','86888f5fcb34af8a2ceea598fda53c6b'),(218,2,'ParkerG','Parker','Garrison',2,'parker@yahoo.com','a4f22cbc252a5352873886956217b905'),(219,NULL,'MosheH','Moshe','Hines',NULL,'hines@gmail.com','7b40315d735758c7ca0812d5be75555e'),(220,4,'ElenaD','Elena','Dorsey',NULL,'elenad@yahoo.com','055b2a905209ed1ee281f482c7db681e'),(221,3,'Maddison345','Maddison','Dillon',NULL,'mdillon@gmail.com','f0f931eb928c9c5586862d8a3f66b3e9'),(222,4,'Aisha435','Aisha','Esparza',NULL,'aishaesp@yahoo.com','8b27a57d3b9f2dc7707945533ce91e03'),(223,3,'Jenna453','Jenna','Stephens',2,'jennas@yahoo.com','37c78ccf9b17167f81bde45b67891ec2'),(224,NULL,'Beasley3423','Serenity','Beasley',NULL,'beasley@gmail.com','9891ad6d3a27eb43bb115c8ed72fa2f3'),(225,NULL,'RaulC','Raul','Cordova',NULL,'raulc@yahoo.com','34ce1484ba28140bb8e720e7ae9a40d6'),(226,NULL,'Kkramer','Kaylee','Kramer',NULL,'kayleek@yahoo.com','e726547318f1437f30ce3658484869a9'),(227,4,'HelenaS','Helena','Sanford',3,'helenasanford@gmail.com','42c6071a06cbd482a9fed839dac1cf6e'),(228,3,'KeltonB','Kelton','Bowen',NULL,'keltonbowen@yahoo.com','8df99658a6fff317af843242d3592992'),(229,2,'OliveB','Olive','Barr',NULL,'barr@gmail.com','68657f0f6163c410da1de977d31173da'),(230,2,'Mmullen','Micah','Mullen',NULL,'mullen@yahoo.com','8a307a4286e4d9f413531ea44e9ffd20'),(231,2,'Anthony823','Anthony','Saunders',NULL,'saunders@yahoo.com','085b148e86bbcbe53739a68fec0388e9'),(232,NULL,'Graham232','Graham','Tucket',NULL,'tucket@yahoo.com','915b931f58bf0945afc51aacaeea4cc2'),(233,4,'Carmen325','Carmen','Liu',NULL,'liucarmen@yahoo.com','13f6875f38d12fa0903b044f8046ff37'),(234,2,'Rondolph','Roderick','Randolph',3,'randolph@gmail.com','dfddf71f740d17b57b13c1fa42a2b637'),(235,2,'ConnerS','Conner','Stephens',NULL,'connerstephens@gmail.com','d72af516cb56e5f5bb273e266f41a11e'),(236,3,'Ndorsey','Nolan','Dorsey',NULL,'ndorsey@yahoo.com','5546d947a5b52bc412e341f7bf9189e3'),(237,4,'Ahaybed','Araceli ','Haynes',NULL,'haynes@gmail.com','7969a6e5d761aa3915c5af0b9d1f6b72'),(238,3,'Kendal','Kendal','Wall',NULL,'kwall@yahoo.com','f4c9bdfaa0d29c1ecd252d17d31f5b89'),(239,4,'Mariyah342','Mariyah','Lopex',3,'mlopex@gmail.com','716fc19bb69542ac51e9b264ff8c581b'),(240,2,'JaylonJ','Jaylon','Jacobs',NULL,'jjacobs@yahoo.com','0b0c930701fb8c3745e0ee014f587c9e'),(241,2,'GrahamLanf','Graham ','Lang',NULL,'glang@gmail.com','cea8501857fe2445857df735bf023dc5'),(242,4,'SellaCobb','Stella','Cobb',NULL,'stellac@yahoo.com','53c205a890ef78dc5292c5b5be554f6e'),(243,3,'Jenny343','Jenny ','Lee',NULL,'lee@aol.com','5375f4c4fb7fa6c31851b9ef5d8da1d6'),(244,2,'Dale534','Dale','Rowe',NULL,'rowe@aol.com','63f8fd11f499a521d4743254c77e0e17'),(245,2,'Braxton342','Braxton','Potter',NULL,'potter@gmail.com','a13417068d270af2f24c961ddca5d547'),(246,4,'Anonynomus ','Amina','Guzman',3,'amina@yahoo.com','adea62bd98d9690db18bdfb2f675c110'),(247,3,'Kenya232','Kenya','Rowland',NULL,'rowland@gmail.com','6c2ddc6377832b9b42d3248dd32bf531'),(248,2,'Gensis2432','Genesis','Coffey',2,'coffey@yahoo.com','b66a074c8c87715e3b9b7505bbde76a1'),(249,2,'Jaydin234','Jaydin','Chung',NULL,'chung@yahoo.com','5e2f6ca487548261a2beb5bd6d233de6'),(250,2,'Rafael7655','Rafael','Cooke',NULL,'cooke@yahoo.com','0e606cb7d0122d7e79fd69e1233ad4d7'),(251,2,'MaxWelch','Max','Welch',NULL,'welch@gmail.com','747e85a8cbd0ca49caa7d3da3135a37f'),(252,4,'Aditya','Aditya','Richard',NULL,'richard@gmail.com','e771ff9fb2fbee2f490a92bd213bacac'),(253,2,'AlbertG','Albert ','Graves',2,'graves@gmail.com','8f1758d489c2653c9b7d0b066e4846cc'),(254,2,'Sadam','Shahid ','Adam',NULL,'shahidadam@ufl.edu','48c96f58805e2d67da3cef92afb6ab1f'),(255,2,'Rafay','Muhammad ','Rafay',NULL,'rafay@ufl.edu','436b6b60ed71856dc53c26bf635a1245'),(256,2,'Hassan','Ahmad','Rasul',NULL,'ahmadrasul@ufl.edu','40dfefb6803d0bca5d7f95164ae1e38c'),(257,4,'PrithulaS','Prithula','Simrin',3,'simrin@ufl.edu','7310f5095207caacae4a2a6499433014'),(258,2,'FaiyazM','Faiyaz','Muhammad',NULL,'faiyazm@ufl.edu','f442c9696bbf8466dd7930fc5e79f207'),(259,2,'Rashid','Ahmed','Rashid',NULL,'ahmedrashid@ufl.edu','ea09f6ed58270a62a54bb97ef9538cde'),(260,2,'Ammarsyed1','Ammar','Syed',NULL,'maleeha@gmail.com','4cdc0e3690e7cc288dbc0240514c7d3a'),(261,2,'Rbuchana','Ricardo','Buchana',NULL,'ricardo@gmail.com ','e20b7826ca065052be9318988d22b192'),(262,4,'Rahman34','Fariha','Rahman',NULL,'fariharahman@ufl.edu','79a9dab72451131d6c0038d999bd8117'),(263,2,'Wheeler354','Arturo ','Wheeler',NULL,'awheeler@yahoo.com','dd2b148ef510525fb3ffecc1da282469'),(264,2,'Trentin','Trent','Hinton',3,'hinton@yahoo.com','757862a604b02d1d9bbfbd36a247a299'),(265,2,'Vulquan','Jayquan','Chung',NULL,'jayquanc@gmail.com','95f4d4ab16bd72d2d864155605363a00'),(266,2,'Albert','Albert ','Graces',NULL,'graces@yahoo.com','721a9717ce7ccf9b32195eabdea25e88'),(267,2,'Az','Azhar','Ahsan',NULL,'ahsan@gmail.com','4586ec56f7fae361e33e90d357f4d4ac'),(268,2,'Drodriguez','Draven','Rodriguez',NULL,'draven@yahoo.com','f4006e60a97998898f33bb2dd5bfeacb'),(269,2,'Kibby','Aqib','Rasheed',NULL,'aqibr@gmail.com','fefa453f8aa3ef993f1e03d59f709c67'),(270,2,'Carl','Carl','Mccullough',3,'carlm297@yahoo.com','9639172c8dff86d4593978bc2af84a59'),(271,5,'Scott','Lizeth ','Fitzpatrick',NULL,'lizeth@yahoo.com','3dd05d930dfeca668d9c549d001c32d6'),(272,2,'ChampagnePappi','Waleed','Farooq',NULL,'waleedfarooq@ufl.edu','a3f15cb53fb2716f32b39e7a13098c20'),(273,2,'IndoPakiSyed','Affan','Hasan',NULL,'affanhasan@ufl.edu','9a2dd0edcd2959f1f398bc89d0b8a2be'),(274,4,'Mho','Miceala','Ho',NULL,'mho@aol.com','848e05f462e48a3bd8db309e6dd2b5fa'),(275,3,'Chrisitine','Christine','Small',NULL,'small@gmail.com','a2d8cf11a826888f6ef0f8cc2f10ed46'),(276,NULL,'Chrerish','Cherish','Dominguez',NULL,'cdominguez@gmail.com','65366de5a5ba7a1246edab765823cea1'),(277,5,'DarrenH','Darren','Hutchinson',3,'darrenh@gmail.com','5a4d10924ebdb059decb48bd69096532'),(278,2,'Alexander','Jaelen','Alexander',NULL,'jaelenalexander@gmail.com','c0172d669848b9e16cb00bd748ef372a'),(279,2,'Devin343','Devin','Singh',NULL,'devinsingh@aol.com','976ea285d08d54f5b9f4d971af08dc69'),(280,2,'Zachattack','Zachary','Mcclure',NULL,'zacharymcclure@gmail.com','e84bc8571e1b141b5984a94e93a4a6d9'),(281,2,'Nathaniel2334','Nathaniel','Moore',NULL,'moore@aol.com','8c36178258290bcbb58b9f02a15944b0'),(282,2,'Dlarsen','Darian','Larsen',3,'dlarsen@gmail.com','2004f850bf8770ea4bf1f9a2a39abcf0'),(283,4,'TiffanyP','Tiffany','Park',NULL,'tpark@gmail.com','9f1af993037fb0d864f182b21ca4116f'),(284,3,'Seth','Seth','Cuevas',NULL,'cuevas@gmail.com','a3f19d2368509f7185e84bd8270a91f5'),(285,4,'PaytonB','Payton','Bullock',NULL,'paytonb@yahoo.com','7239c53801eafb3fcb3809af8359d33d'),(286,3,'Pcantrell','Preston','Cantrell',NULL,'preston@yahoo.com','416e7c33b7d45bc711fd61d71f206077'),(287,NULL,'Tereence','Terrrence','Guiterrez',NULL,'tguiterrez@yahoo.com','fa6bd2f5e7545bc8cf773fe96aaff7f9'),(288,NULL,'Frosty','Andre','Frost',NULL,'andrefrost@gmail.com','897be996f81a0f331cd2c9f8cb4ec9fe'),(289,4,'Cory','Cory','Harrington',3,'cory@yahoo.com','7dd027f37ab65e3359559045d7043eb6'),(290,NULL,'Jonas','Jonas','Alvarez',NULL,'jonas@yahoo.com','362f30c2f12a087c2dabf86b7ca714cb'),(291,3,'Syed232','Maleeha','Syed',2,'maleehasyed@ufl.edu','fa4e9bc0e3ede606310c2e5a1fb30dde'),(292,2,'LeonM','Leon','Mckay',NULL,'leon@yahoo.com','1a15874197057cb0e8a184e35a3a6dfe'),(293,3,'KiddKarol','Mikeala','Kidd',NULL,'kidd@gmail.com','d73056ad9c87d5f0e4b44783cbe40e0b'),(294,2,'MiloK','Milo','Kim',NULL,'kim@gmail.com','01e320dfa5472725028d8aac2b18fc98'),(295,2,'RodneyD','Rodney','Dennis',NULL,'dennis@gmail.com','f41af156145de356e135c60fb2f0795b'),(296,2,'Chase242','Zachary','Chase',2,'chase@gmail.com','9de65014260e05277759315a5923d3c4'),(297,4,'NawalAmir','Nawal','Amir',NULL,'nawalamir@ufl.edu','35e261660e560650f51738779619b620'),(298,3,'JenniferT','Jennifer','Tapia',NULL,'tapia@yahoo.com','cced47b71f04dc2187fbfca6e10a5a42'),(299,2,'MikeM','Mike','Moran',NULL,'moran@yahoo.com','cb373f536586c20fe2d26ba68d94c608'),(300,2,'Rperez','Ric ','Perez',NULL,'ricperez@gmail.com','fb45db371bdf5ae89756a776a835b845'),(301,4,'Jperez','Julia','Perez',NULL,'juliaperez@yahoo.com','cb41a8454ed9e977e6050015c4185373'),(302,2,'Bhasan','Bilal','Hasan',NULL,'hasan@yahoo.com','2f6a2b778695ecc53683f4bb0936efc9'),(303,2,'StevenB','Steven','Berger',NULL,'steven@aol.com','98852ed731d7ba6745c0bfbc93491d7b'),(304,2,'KamdenS','Kamden','Schwartz',3,'kamden@gmail.com','44a333516f36a0d9c0be2ff9dd79b47a'),(305,3,'CassieK','Cassie','Kirk',NULL,'kirk@gmail.com','9d49b4ad5850e7bff01b9b9cfaed3af0'),(306,2,'JoshuaA','Joshua','Andrade',NULL,'joshua@yahoo.com','93e13709cdd83b9f9ef3298472dcde45'),(307,4,'Cdiaz','Charity','Diaz',NULL,'charity@gmail.com','585e2d2ace78a1bd201cb0774aad56d2'),(308,2,'Malcolm','Malcolm','Randall',NULL,'randall@yahoo.com','2a9d750a6887ded865f86f7c9279c2e1'),(309,3,'Kaden','Kaden','Lowery',2,'kaden@gmail.com','04a5f94728015b207f133129975728cb'),(310,NULL,'Munderwood','Makhi','Underwood',NULL,'underwood@gmail.com','b9e4ce0e2a89a9e0424973170e3dbd04'),(311,3,'PaigeParks','Paige','Parks',NULL,'parks@yahoo.com','5b759d58cec5809050040f57ff8356aa'),(312,3,'LavinaKhan','Lavina','Khan',NULL,'lavinakhan@ufl.edu','abc542b31f62649a5cb6edfa699f88ea'),(313,4,'AryannaC','Aryanna ','Clarke',NULL,'clarke@gmail.com','329530e69dfc15f1fb87808bf919361e'),(314,NULL,'FisherR','Fisher','Reyes',2,'reyes@yahoo.com','c5c7640cb676a4b1567039ed8415a325'),(315,4,'Ewalls','Elen','Walls',NULL,'walls@yahoo.com','142f7f147a31782faf6cc275246fa5d3'),(316,4,'Naima','Naima','Hunter',NULL,'nhunter@gmail.com','18dce3094a3d6d2f14a973b3bffaf45a'),(317,4,'Brenda','Brenda','Frank',NULL,'brendafrank@yahoo.com','b943e2aebd3760c1b4d29787463b33fc'),(318,2,'APDhillion','Dillon','Paul',3,'dpaul@gmail.com','3c0c375065fa1b4a74d07d4c737fce06'),(319,5,'HornA6923','Areli','Horn',NULL,'horn@yahoo.com','9612100b0c477850b3d702096a65835a'),(320,4,'PeytonL323','Peyton','Lyons',NULL,'lyons@yahoo.com','c7338a55b06aedaf910399272e7d8b45'),(321,4,'Juliette923','Juliette ','Burgess',NULL,'burges@yahoo.com','ee0952e107f5ca4c7fc4a50b8b58c0df'),(322,3,'Camila0242','Camila','Hamilton',NULL,'hamilton@gmail.com','2c242654b383e2479771ee54120ce441'),(323,2,'Brennen3432','Brennen','Mclaghlin',NULL,'brennen@gmail.com','7ee22daca4865c6e675fda66a5917cff'),(324,2,'Luis2343','Luis','Diaz',NULL,'diaz@yahoo.com','1516392e5c587b3c5369a0f53ca6948e'),(325,3,'Jennifer342','Jennifer','Tapia',3,'jtapia@yahoo.com','615cab89414d3d581ab7ac39f9dca63c'),(326,NULL,'CullenRoberts','Cullen','Roberts',NULL,'roberts@gmail.com','ae8d939dfcdfe2221ecf08d97cde4c0b'),(327,3,'MelanyBridges','Melany','Bridges',NULL,'bridges@yahoo.com','73ddbd5483c3d300814ce2ef5742b5ca'),(328,3,'FouziaG','Fouzia','Gardee',NULL,'fouziagardee@gmail.com','317a9c22ff35fefce789ccddcfc513cb'),(329,3,'CarinaHess','Carina','Hess',2,'chess@gmail.com','a0cacc3f36178d1a33aadcbc87b49149'),(330,4,'PriscillaR','Priscilla','Reid',NULL,'reid@yahoo.com','5b491c7e8ecf90b878e3e171b7596b5b'),(331,3,'SorenH','Soren','Hernandez',NULL,'soren@yahoo.com','4cf73ab29371d63dd3e5613a1c663ad1'),(332,NULL,'CaseB','Case','Bowers',NULL,'bowers@gmail.com','b73f41d7355731320fce7aaf27eb34ce'),(333,2,'AedanM','Aedan','Mcmahon',3,'aedan@yahoo.com','2c8b53eaef7502cd4b71eb9196caefb1'),(334,3,'Bmaddioson','Maddison','Beasley',NULL,'beasleym@yahoo.com','4dcf5dd62f04c2460560b739925835b1'),(335,2,'Mdonaldson','Matthias','Donaldson',NULL,'donaldson@gmail.com','109b9f88444fea60882ff498b6741f23'),(336,4,'MckayalaC','Mckayla','Cisneros',NULL,'mckayla@yahoo.com','3184df5e29c0ce08c87a277285606f88'),(337,4,'Hheadlam','Hariel','Headlam',NULL,'headlam@gmail.com','50e6aa5baa3c1a57037f440d12795dab'),(338,2,'Adurrani','Ahsan','Durrani',NULL,'adurrani@gmail.com','ddc49b2f0a7151ee5f5ebc25b8634633'),(339,4,'Nmubarak','Nadine','Mubarak',NULL,'nmubarak@ufl.edu','b14d71350d0c57ab6538dba627f448bc'),(340,4,'YasimF','Yasmin','Figeroua',3,'figeroua@ufl.edu','e41110e5506cfefdcb95e6cb01740e55'),(341,4,'YasmeenH','Yasmeen','Halabali',NULL,'yasmeenh@gmail.com','469b4902e0095aa02cc686d45b2d0afe'),(342,4,'Snana','Sarika','Nana',NULL,'snana@ufl.edu','e1f8f0a1e844cdfede2004e5b887204b'),(343,2,'Deisle','David ','Eisle',NULL,'deisle@gmail.com','6d42949bc105aef007d6a49770d0ebc7'),(344,2,'Dreyes','David ','Reyes',NULL,'dreyes@yahoo.com','ff94b04d46b9f5afa3c376418f70beab'),(345,4,'Jayla08','Jayla','Mcright',NULL,'jaylam@yahoo.com','21f6eee4195f81338c0a129e65b6c879'),(346,4,'Bakalin','Beyza','Akalin',NULL,'bakalin@gmail.com','5d56e9cc1aa8faa4c77c03248112f4fe'),(347,4,'CNguyen980','Chritina','Nguyen',3,'chrisitnan@ufl.edu','23b438b2054dab64d5e3c9e2fc7104f2'),(348,2,'Djamal00','Djamal','Yilmaz',NULL,'djamal@gmail.com','0e6ce21dd32c437218b54837f8acdd47'),(349,2,'Seth','Seth','Cuevas',NULL,'seth@aol.com','165a29f772c9823b5653d143d9a4e42e'),(350,3,'AmberN','Amber','Navarro',NULL,'amber@hotmail.com','ffaa477bae03f59da2ca8ff2b7c7e39b'),(351,3,'JFoley90','Jennifer','Foley',NULL,'foley@ufl.edu','f597117baa63f1cb6bfdc9fb39568a3b'),(352,2,'RonnieSparks','Ronnie','Sparks',2,'sparks@gmail.com','aa19049c5de33d0933b050a70ddcc3f1'),(353,4,'BOrtiz8060','Brooke','Ortiz',NULL,'bortiz@ufl.edu','ea8c03c6fcb0b46b1cf70feabfb6933c'),(354,3,'Charitygiver34','Shabana','Shah',NULL,'shah@gmail.com','6dfe61c4ce910873f769406e1bffe542'),(355,3,'Snakelover72','Tessa','Dunlap',NULL,'tesslad@yahoo.com','39b0fabe5b5086efd11844c76b9f3d67'),(356,4,'FatimaR','Fatima','Reese',NULL,'fatimar@yahoo.com','44f89c8b8b3b1a48cc184fbf6d4ade14'),(357,NULL,'Dexter','Dexter','Rodriquez',2,'dexter@gmail.com','7b6d7331b37ef415b3a957bc1aa5d527'),(358,4,'Malik','Ameena','Malik',NULL,'malik@gmail.com','407988e832fcda851cf79862e2268d96'),(359,4,'Shabir','Zainab','Shabir',NULL,'zainabshabir@ufl.edu','13d0552319236163d53dda5ae26b1a91'),(360,2,'Motiwala','Yusuf','Motiwala',NULL,'yusufmotiwala@ufl.edu','4a3d8b160c326dc44b92b43878c85756'),(361,3,'Madiha','Madiha','Ahmed',3,'madihaa@gmail.com','70bab2f65b29315a951c1d5d695a7f80'),(362,3,'Sumera ','Sumera','Chippa',NULL,'sumerachippa@gmail.com','407237b3c9d606f5f00e3ef7c25a1233'),(363,3,'Amber232','Amber','Shaikh',NULL,'ambers@aol.com','8fe5a30b951aef8533e4a55e9503e88a'),(364,5,'Hector232','Hector','Fuller',NULL,'fullerhouse@gmail.com','34ef02148122ac4fe295d609a5f7b9b6'),(365,5,'LOLgross','Laney','Gross',NULL,'gross@gmail.com','8ce61a6126f0923f6034bc644d48cedf'),(366,4,'Hoemaira','Humaira','Chowdhury',NULL,'hchowdhury@gmail.com','acb660d1ef2cecb5b40b4e553926209c'),(367,3,'NaooshaM','Naoosha ','Mahmood',NULL,'nmahmood@ufl.edu','2db26fb306c60a8e894e02a5f3c126e8'),(368,2,'Abram23','Abram','Mckenzie',3,'abram@yahoo.com','b45bd42a5cb25f9a638dee0f75e95084'),(369,4,'Whitegirl12','Erin','Martin',NULL,'erinmartin@gmail.com','bf91d66929786b64b3353c6a43ee83c7'),(370,2,'Whiteboy232','Austin','Huff',NULL,'huff@tesla.com','804bc1941f3c5f9fd95fa1af9cdc7adc'),(371,3,'Kennedy654','Kennedy','Austin',NULL,'kennedy@nasa.com','b664c14f18a6f3d072ff837820af749a'),(372,2,'kwansequences','Joseph ','Kwan',NULL,'kwan@yahoo.com','2bd4201782fc25a491b95d5c686bf9c5'),(373,5,'Lyric2432','Lyric','Gates',3,'gates@microsoft.com','b37d42b9036439194df8bad6178c85af'),(374,2,'Biever','Justin','Bieber',NULL,'bieber@gmail.com','15f65708a2129ccfe533995c270117f6'),(375,NULL,'Hardin234','Ansley','Hardin',NULL,'hardin@yahoo.com','949ed11b1a52933cde77c0e7b07b943f'),(376,2,'Gadit1','Mahamil','Gadit',NULL,'gadit@ufl.edu','a035d943fc3ad51d803f041f5fbba453'),(377,2,'Jabari232','Jabari','Scott',NULL,'jabari@yahoo.com','d25bddd52d09b09920cbfa9156905c94'),(378,2,'Rkhan','Rayan','Khan',NULL,'rayankhan@ufl.edu','d7a522f63c48cbfea44a1bb93cb84dbe'),(379,2,'Fqazi','Fahad','Qazi',NULL,'fahadqazi@ufl.edu','6aca795c4e08a367fd7cb75e7f080a86'),(380,4,'Iilyas','Isra','Ilyas',3,'israilyas@ufl.edu','d1fbf48aca896ba60a5a0cd28b91419c'),(381,2,'Mkhan','Mannaan','Khan',NULL,'mannaankhan@gmail.com','22590080ac1c5d053c43d9a7fba47147'),(382,2,'Zubi53','Zubayr','Ahmed',2,'zahmed@ufl.edu','cb3f95c4dac3088d032d3a9c69fa1729'),(383,2,'Momoney','Mohammad','Taha',NULL,'momoney@gmail.com','a761d88adf2157f3a0cb983675117d84'),(384,2,'Eri6434','Eri','Veshi',NULL,'eri@ufl.edu','7fb111b2fbd4af1e99ea5760ef0343b2'),(385,NULL,'FInley453','Finley','Griffin',NULL,'gfinley@yahoo.com','ca5954d8203ae42899998272737ad8bc'),(386,2,'Hwhater232','Dexter','Rodriquez',NULL,'dexterr@yahoo.com','75a1ca91784986474a9a03ab7d92d860'),(387,3,'Chef342','Tessa','Diunlap',2,'tessad@yahoo.com','0d1eba5010b179b2953aeef3c1d5774e'),(388,4,'MariahJohnson','Mariah','Johnson',NULL,'mariahj@gmail.com','617ac15e607210b93c52c2e7337b42ad'),(389,3,'Krichardson','Kaitlyn ','Richardson',NULL,'richardson@aol.com','f8a2cef9e40d216d5f72285863100d16'),(390,2,'Zmalik','Zain','Malik',NULL,'zainm@gmail.com','f74bcdfbe779765ceae0ce9f14794930'),(391,2,'HarryStyles','Harry','Styles',3,'styles@yahoo.com ','fc40d17b549537db9ac2d928d7452cd8'),(392,NULL,'Smueller','Shane','Mueller',NULL,'shane@hotmail.com','7e1a9116eb23732a3d5a5ee8e4e33774'),(393,NULL,'Arobinson','Abbie','Robinson',NULL,'abbier@gmail.com','5b57ddb4119d2eea48a34bac2d313c64'),(394,3,'JadaRobinson','Jada','Robinson',NULL,'jrobinson@ufl.wdu','96b21b4abc09dff80c15345b32a33dc9'),(395,2,'AlexMora','Alexandar','Mora',NULL,'alexmora@ufl.edu','304631e54ac30be2abbe72f3429de4b9'),(396,3,'DanielaG','Daniela','Huber',NULL,'dhuber@aol.com','fe85d6481f837ef0b1c54193ea9f708f'),(397,4,'AlianaG','Alaina','Gallagher',NULL,'alainag@hotmail.com','4d44530edce9ae2496d88f10b70c9858'),(398,3,'DannaAustin','Danna','Austin',3,'daustin@gmail.com','5b250aa906c5dbfec75c64537a76b260');
/*!40000 ALTER TABLE `Person` ENABLE KEYS */;
UNLOCK TABLES;

--
-- Table structure for table `Prefix`
--

DROP TABLE IF EXISTS `Prefix`;
/*!40101 SET @saved_cs_client     = @@character_set_client */;
/*!50503 SET character_set_client = utf8mb4 */;
CREATE TABLE `Prefix` (
  `Id` int NOT NULL AUTO_INCREMENT,
  `Prefix` varchar(5) DEFAULT NULL,
  `active` tinyint(1) DEFAULT NULL,
  PRIMARY KEY (`Id`)
) ENGINE=InnoDB AUTO_INCREMENT=6 DEFAULT CHARSET=latin1;
/*!40101 SET character_set_client = @saved_cs_client */;

--
-- Dumping data for table `Prefix`
--

LOCK TABLES `Prefix` WRITE;
/*!40000 ALTER TABLE `Prefix` DISABLE KEYS */;
INSERT INTO `Prefix` VALUES (2,'Mr',1),(3,'Mrs',1),(4,'Ms',1),(5,'Dr',1);
/*!40000 ALTER TABLE `Prefix` ENABLE KEYS */;
UNLOCK TABLES;

--
-- Table structure for table `QuestionType`
--

DROP TABLE IF EXISTS `QuestionType`;
/*!40101 SET @saved_cs_client     = @@character_set_client */;
/*!50503 SET character_set_client = utf8mb4 */;
CREATE TABLE `QuestionType` (
  `Id` int NOT NULL AUTO_INCREMENT,
  `Type` varchar(15) DEFAULT NULL,
  PRIMARY KEY (`Id`)
) ENGINE=InnoDB DEFAULT CHARSET=latin1;
/*!40101 SET character_set_client = @saved_cs_client */;

--
-- Dumping data for table `QuestionType`
--

LOCK TABLES `QuestionType` WRITE;
/*!40000 ALTER TABLE `QuestionType` DISABLE KEYS */;
/*!40000 ALTER TABLE `QuestionType` ENABLE KEYS */;
UNLOCK TABLES;

--
-- Table structure for table `Review`
--

DROP TABLE IF EXISTS `Review`;
/*!40101 SET @saved_cs_client     = @@character_set_client */;
/*!50503 SET character_set_client = utf8mb4 */;
CREATE TABLE `Review` (
  `Id` int NOT NULL AUTO_INCREMENT,
  `PersonId` int DEFAULT NULL,
  `CompanyId` int DEFAULT NULL,
  `CreateTimestamp` datetime DEFAULT NULL,
  `BranchLocation` varchar(100) DEFAULT NULL,
  `YearsOfService` decimal(4,2) DEFAULT NULL,
  `PositionAtCompany` varchar(100) DEFAULT NULL,
  PRIMARY KEY (`Id`),
  KEY `FK_PersonId_idx` (`PersonId`),
  KEY `FK_CompanyId_idx` (`CompanyId`),
  CONSTRAINT `FK_CompanyId` FOREIGN KEY (`CompanyId`) REFERENCES `Company` (`Id`),
  CONSTRAINT `FK_PersonId` FOREIGN KEY (`PersonId`) REFERENCES `Person` (`Id`)
) ENGINE=InnoDB DEFAULT CHARSET=latin1;
/*!40101 SET character_set_client = @saved_cs_client */;

--
-- Dumping data for table `Review`
--

LOCK TABLES `Review` WRITE;
/*!40000 ALTER TABLE `Review` DISABLE KEYS */;
/*!40000 ALTER TABLE `Review` ENABLE KEYS */;
UNLOCK TABLES;

--
-- Table structure for table `ReviewQuestions`
--

DROP TABLE IF EXISTS `ReviewQuestions`;
/*!40101 SET @saved_cs_client     = @@character_set_client */;
/*!50503 SET character_set_client = utf8mb4 */;
CREATE TABLE `ReviewQuestions` (
  `Id` int NOT NULL AUTO_INCREMENT,
  `QTypeId` int DEFAULT NULL,
  `QuestionText` varchar(50) DEFAULT NULL,
  PRIMARY KEY (`Id`),
  KEY `FK_QTypeId_idx` (`QTypeId`),
  CONSTRAINT `FK_QTypeId` FOREIGN KEY (`QTypeId`) REFERENCES `QuestionType` (`Id`)
) ENGINE=InnoDB DEFAULT CHARSET=latin1;
/*!40101 SET character_set_client = @saved_cs_client */;

--
-- Dumping data for table `ReviewQuestions`
--

LOCK TABLES `ReviewQuestions` WRITE;
/*!40000 ALTER TABLE `ReviewQuestions` DISABLE KEYS */;
/*!40000 ALTER TABLE `ReviewQuestions` ENABLE KEYS */;
UNLOCK TABLES;

--
-- Table structure for table `sentences`
--

DROP TABLE IF EXISTS `sentences`;
/*!40101 SET @saved_cs_client     = @@character_set_client */;
/*!50503 SET character_set_client = utf8mb4 */;
CREATE TABLE `sentences` (
  `id` int NOT NULL AUTO_INCREMENT,
  `sentence` varchar(500) DEFAULT NULL,
  PRIMARY KEY (`id`)
) ENGINE=InnoDB DEFAULT CHARSET=utf8mb4 COLLATE=utf8mb4_0900_ai_ci;
/*!40101 SET character_set_client = @saved_cs_client */;

--
-- Dumping data for table `sentences`
--

LOCK TABLES `sentences` WRITE;
/*!40000 ALTER TABLE `sentences` DISABLE KEYS */;
/*!40000 ALTER TABLE `sentences` ENABLE KEYS */;
UNLOCK TABLES;

--
-- Table structure for table `StarAnswers`
--

DROP TABLE IF EXISTS `StarAnswers`;
/*!40101 SET @saved_cs_client     = @@character_set_client */;
/*!50503 SET character_set_client = utf8mb4 */;
CREATE TABLE `StarAnswers` (
  `Id` int NOT NULL AUTO_INCREMENT,
  `AnswerId` int DEFAULT NULL,
  `Answer` int DEFAULT NULL,
  PRIMARY KEY (`Id`),
  KEY `FK_AnswerId_idx` (`AnswerId`),
  CONSTRAINT `FK_Star_AnswerId` FOREIGN KEY (`AnswerId`) REFERENCES `Answers` (`Id`)
) ENGINE=InnoDB DEFAULT CHARSET=latin1;
/*!40101 SET character_set_client = @saved_cs_client */;

--
-- Dumping data for table `StarAnswers`
--

LOCK TABLES `StarAnswers` WRITE;
/*!40000 ALTER TABLE `StarAnswers` DISABLE KEYS */;
/*!40000 ALTER TABLE `StarAnswers` ENABLE KEYS */;
UNLOCK TABLES;

--
-- Table structure for table `Suffix`
--

DROP TABLE IF EXISTS `Suffix`;
/*!40101 SET @saved_cs_client     = @@character_set_client */;
/*!50503 SET character_set_client = utf8mb4 */;
CREATE TABLE `Suffix` (
  `Id` int NOT NULL AUTO_INCREMENT,
  `Suffix` varchar(5) DEFAULT NULL,
  `active` tinyint(1) DEFAULT NULL,
  PRIMARY KEY (`Id`),
  KEY `AI` (`Id`)
) ENGINE=InnoDB AUTO_INCREMENT=4 DEFAULT CHARSET=latin1;
/*!40101 SET character_set_client = @saved_cs_client */;

--
-- Dumping data for table `Suffix`
--

LOCK TABLES `Suffix` WRITE;
/*!40000 ALTER TABLE `Suffix` DISABLE KEYS */;
INSERT INTO `Suffix` VALUES (2,'Jr',1),(3,'Sr',1);
/*!40000 ALTER TABLE `Suffix` ENABLE KEYS */;
UNLOCK TABLES;
/*!40103 SET TIME_ZONE=@OLD_TIME_ZONE */;

/*!40101 SET SQL_MODE=@OLD_SQL_MODE */;
/*!40014 SET FOREIGN_KEY_CHECKS=@OLD_FOREIGN_KEY_CHECKS */;
/*!40014 SET UNIQUE_CHECKS=@OLD_UNIQUE_CHECKS */;
/*!40101 SET CHARACTER_SET_CLIENT=@OLD_CHARACTER_SET_CLIENT */;
/*!40101 SET CHARACTER_SET_RESULTS=@OLD_CHARACTER_SET_RESULTS */;
/*!40101 SET COLLATION_CONNECTION=@OLD_COLLATION_CONNECTION */;
/*!40111 SET SQL_NOTES=@OLD_SQL_NOTES */;

-- Dump completed on 2022-02-08 19:31:10
